NG1_1_P1	661	GCCCGGCTGTGGGCACCCCCTCGCCCTGGCGGCGCCTTCGTTTCTCGGCGCTTCCCGCTCCCCGGTCCCCGTTCGTCGGCCTAGGCGCCAAAGCGCACCACCGATGTCCCCCGGCGGCACGCGAAGCCAGTGGGGCACCGCGGGGCTGGGCCTCGAGCGCGCGCGCCTGTTATGGTATTTGAACAAGTTAATACGCAACTGTAAGCGAACCTTTATCTCTTATAATTCAGCTCCATCCACCTCAGAACAAGTCCCGCAATGCGTCTTTGAGACGTACATCCTGATCAGATTCGAGTTACACGAGATCTATCAAAACAGACTCATCAGTCATCAAAAACACGCAATGACACGGTGCCTAAGAGTGGTCTAGATACGTAGGAAGAAGGAAGATAACTGTTCAGTACACGGCGTATAAGGTCGTCATTACCATGCTGTTTTGTGATAACTAAAAAAAACTAAGGTAAATGCGAGCCCGATTGCATCGAACTTGTCGATGAACACTCGAACGCAGTTGAAACTTACTAAGCAAATCTGAAAGATGGAAATGCGTTAAGAAACCACAGATGAAGAGATAGCACAAATAGTTACATTAATGTTCGGATCATGCTGTTATTAGTTTACGCCGGTCTGAGTCTTCCGGCGTGCTCTCAAACAGATGCCG
NG1_1_P2	1689	AGCTTGTCCCTCCGGCGGCTCTCCCGTTGGCCTCATGTGGCCGCCAACGCCTCCCGTACCGCGACGCTTACCGGTCCCCTTCGGGCTCAACGGGTCATAGAAAAGAGTGCACAAAACGATGACACACCACGTGTTTATTGGCTGGTATGGCACATGCGGAGCTTACTGCGGGTGCTAAGTAAAGTCCCGACATTATGGTATACCGAGATTAACTTCTTACTCAGTGAGTTATTCATCTCCGAAGCACAGCTGCCTTTCTGGCGATAGTGGGACGGATCCCCCATGGAGCAGAGCAGGATAAGGCTGTCAAAAGTGTTCCCGTAGTCGTCAGTCAATATTATCAAGAGAAACCGACATAACCCAAATAGAGCTGCTTAAAAAATTCTGCTAGAGTCCCGAGGAGATATACGTTTATAAGGGTAAATAAGAAGTATTAAGAAGAGTTCCTCCCACTACTTTTCCTCCAGAGATAAAACTGACTGCAAAGGGTTGCGTCGGGTGTCTTGAGCTAGCCCGGCCTGCGTATGCAATCCCTGCACCGCTCACACCCTTTCATAACGAACCATCAGCGCTAGAGCGGTCCTGTTACGCGTTTACGTTATAAGGACTAGATCCCGTGTACTTACACTAGGCAGGAACAGAAGATGCTACTTATACTCCGGTAAGTACCCGCTATAGTATCGAAAGTTGTCCTTAGTAAGACAACCCAACTTTTGAAAGTGGATGTTAGCAGGCCATACCGCATATTTTTGCCGGCTACTCTGTTTCCACAGACTAACCGGGCCCGCCAGCAGTGTGAAGGAAAGAGGTAGGCACGCACTGTGCCCGATCGCAGTGCTTACGGAATGATCACGGACATAACAGTAGCGTGAGTTTGTAGTGGTTAATGCCGTCAGAAAAAATTAAATAATCTGGCGTAGCGGATGTGACAAATTAGGAAGTGCCTGGAAAGCCGGGGAGATTTAATAAGGTCTAGAGCGGCTCTATAGAGACGTCAGCAACAGTCATGCCCTACTGTGCTGCGACCCAGTGTCGTCTTACGAACCGCCACTTAACGCTGGAATCGCGACCGACGCATTCAAAGCTATGCGATACCCATCTCCTAAAATTTTGAGTAGTGATGTTCATTATTCTGGCTTAAAGATTAAAGGCACGTGGACGTACGTATATTATGGGGAAATGAAACAAAAGCTCGGCGAATTGATACAAATGATTAATGGTCCGGTCATATTTAGTGAACTGTTTGTTAGAAGACAAAGAAAGGAGTAGGGTACAAGTAGCTACAAGGGCGGAGAAAAAACCTTACAATATCACATGTTACACCTAGCAACCAAAAGGGCTTTTGTTCACGGTTTGGAGTCAAACTTGTAATAAAACTTTCCGTGTGAATCCGAATGGAACTCGGATCGAAAGATAAAATAATGTGGATTTACAGGGCGGAGATAATTTTGTTTGTTTTTGTTTTGCGGGCATCAACTGGCATTCGACCTACGAGCATCCTTTAGTTATATATCTCTCCATCCTGTTAAAAGAAATCGCACGATAGAAAATCCTAAGCTAAACTAGTGCTAATTACTACTTTAGCCTCGCTTTAAACTGCGAGTTATGTCGTGTTTTATACCTTTGGAGCCCGCGATTCCGAGATCATTTGGACTGCTTGTGCAATGGTTCTAATTTTGTGCTGCGTAT
NG1_10_P1	1400	ACCGCGCCTTCTCTGCCCCGTGCGGGGGCTCTGGTGCTGGCCCCGGGCCCACGTCCAGGGGCCTGGCGGTCTGGCTCCGTCAGGCTGACCCTTGTCTCTTGTCGCGCTGCACGCGGTCTCGCCCGGCGCGGTTGTCAGCGGCGGCCGCTGCATCCTGAACTCCCGCGGTTTCGGGACCGTCCAAAGGGCTCGGTACGCATCCTGGCCTTCGTTTTGTGAGTAAGAAATCTCGTTCCACTGGGTACTGCTCCTCGTCTTCCCTCTCCTAACTACGGCGAGAAATCCTCACCACTACCATACTCACGACTTTGATGGCGTCCGAGCCCCTAAACGTTCACTCGCATGACGTGCTAGTCCCGATGGTTTAGGAGACAAATGGGCTCGCCTCCGCCCCGCACGACCTAGGTAAGCGATATGGAGCCTCGGGGTGGCTGCAAAGGTACCATCGACTCACGAAGCGATGACGCCAGGACATGATCACCGACAATCGGGTACTACGGCTGGAGAGGTTATTGTCATCTAATTCTAGTTTGGTCTTGAACCGAAGATCCCTTATGGCCTCTTTCGACGGAACCAATAAGACTACGAGGTAACCACACATTGATGCTCGTAAGTTGTCCCCCCAGGCGGCTGCGCCTGCTAGGTCACCCAACCCTGGTACCAACCACAGGACGAAAGAATGGATTCGCTAAAATGGAGCGGAGGTGTGGGCAAAAGCGCACGAGCGTGTCCTCTCAACTGTCCACCTCCACTTGTGGAGTTGCCTGGCCGGGGTTTCTACATTCTAGACCAGGCCGGTCTAGAACGATATGGCAAGGCGCCGGAGCTGTCGTCGCGCATATTCCGCCTCTACTGGAAGGCCAGCGCCGGACGCGCCCCTGAAATCCACGCTTGATCGTAGGCATGCCGCCAGGTACAAGGCTCTTTGTGCGGCAAGAGTCCTCGGTGGCACTGGAGGGTGTCTTTGGATAGCACGCTGTCCCGGGAGTTCCTATGGATATCGGAGCCGCCAGATAACTCAAATTGCGAGAAGATTGGGGCTGGATCGTTGCCCCGTGAGCGGGGTAACCTTCCCGACTGGCCCACCAAGGAACCATTTGTTTTGCGCTTGACACATCCCGACTTCTTGCGCATTTCGGCCGTGAGGGGGCACCAGGGTGCCTATTTACCTGGGGCTTCCGCCAGCCTAGCGTCCCGGAGTAGTACCTGAGCTGTTCGCGTGAGCTAACTACCCCCGATGGTCAGCGAACGACATGTTCGGCGGGAGGTCCTAGCTCTGCGCCCGAGACGACGGTCGCGAGTGCGTCAGTCGGTCTATACACTCTCACTCCACCGGGAGCAAATGAGGGGTGACAAAGTCAAAGGCCGAGCCCCATGGAGCGCATAATATCTAGCGCGCC
NG1_10_P2	825	ATGGATGGGTGTGGGAATGGCATCCGGCCAACTGTAGTCGGGTTCTCTTGACTCGGAGGAAATGCTTAGCCTGTGTGACGAGGTTTGCGCCCGAGCGCGATCTCCGTACGGAGATGGTAGTCGCGACATAGGCCATGTGCGAGCCGTAGGCTCGGGCCAATCACAGCACCCTCATCGATACTCCGTTGTACTTAGATCGTACCTACAGCGAGCCGATCGAGATTTGGTGTACAGTTTGTGGAACAAGCAGTTTCCAATCTACCGCACAGTGACGATGCGCCAGATTATCTCATCAGCAGCGGATCGATAGAGCTGGAAAAATATCGTTAAGTGACGAATACCCGGCTGCTTCGTCGTTCACAACTTCTGCCGACCGCTACCCACTCACTGTCGTGACAGAGACGCCTCTACAACGTCACGCTGTAGACCTCACAAGGGCTACGGATAGGATAATACCGGGGCATTCGTATTTGATTACCAGGCCACGCCTTTCCTCCAAGTCTTCCGAGAGTCAGGCTACCCGAACGATACTTACTTAGATAACCTAGTCCCGGCCACGACAAAGACGACCGAACTTCTGTTAAGACCTTAAAGGAACTACAAACGACCCCCTAAGGATCCGCGGACAAGCCGGCGCCTCAATTTTCTTCCCCGGTGGCCCGAGTTTTCTTATTATGCCTTATATTATTTTTGTCCGTTGTGGTCTCTGTATGGTTACTGTTAATATCTCTGGTATTTTGGTTCGTTTGTTTATTCTGTAAAGTTCCCTATTTTTGTTACTAATGATTACTGACGGCTTGTATTTATTATATGTCCTTAAAAGCT
NG1_11_P1	663	GGATTGGCCCCTCCGCAACGATTGGGCACCGCCCCCCCTCTACGCTCTCGGTCTCGAATGTTCTTGGTCTTTCTTATGGCGGACAGCTCCTGGGTAACGCAGCCTTACTACCCGGCGAATAGTAGTGGATGTCAGAGTGGTTCATCTCAAGTGGAGCGGCATGGCACCATTAGGCGGGGCGGCGCGCAAGAGACGCCAGCGTGTAAGTGAACCACTCACGCGCCAGCCCAGTGCGCATCGAACGGGCACACAGTCCGTGGCGGGCTCCCTCGAAAACGACCGCGATCGGATGGTGATTGCAGCATGCCTCGGCCGGCTTAAACTCGGCCCATCCGCAGGACTCTGCACATAGCCCCATCTCGCTCGAGCAACCTAGCCACATCGCCCGCCCCCTGGGGCCTCGAGTCGACCGTGCTCCGGCTCCTCCTCCGTCCGCCAACCACAGTAGTATCGTGCCTCAGGACCTACCCCGCGCGCGTTCACACCAACGACCGCAGCTCTGGACCCCACGCCCCTGTTGCGGGTGCCTTGGCTGCGCATACCGCCCCCCGCTCAGCTTCGGCCATAGACGGCACTCCGACCCCCGCCACTCTACAGGGTTGCCGGCCCAAGGTCCGCTAGCAGCCGGCGCAGATCGGCATGTGGAAGGGGCCGTCCCCCTTG
NG1_11_P2	1310	GGGCGGGGAGGGTTTGCAGGTCGACCTGCGGAGTCCGGCTCTACCCCGCGCTTCAGGCAGGCTCGGCGGCCCCACTTCGGCCCGCGGCTCCACCCCCGGCTCCGCTCCGGCCCAACTGAAACGCTCCACATTAGACTGAAAGATGAGAACTGGCGGATACGGGATAAACAGGTCCCGGATGTTTTACCTTGTTGTCAGGGAGAAGAGAACTAGGTCTAAATGTAGGGCAAGAGGTGTGAGCCTTCGCAGGGATGTAATTAAGAAACTCGGGGTTAGTTCGCGCGGTTACTCCTGTCTGACGTGAAGCGAGCGAAGTCGACAAGCACTGCGAAGGCACTTCTATGGCTGGGGGCAAATTCCGGGCCTCTGGCAGGGGCTTCAGGATTATCGCACCATGTAAACCCCGACGCCGTACCACGGCCCGGGACCCTTGCGGAACCCTTCGGCCGGTACGGAGACACTCTTCGACACATGACTGGCCCGGGCGTCGCGAATATTCGAGTGATATGCTCTTCCCATCCTGGAGACGAGTGGTGGCGGGCCCCTATAGCAGAGCACTATCTGGAGCCGCCGAGGAATGAAACAGAGCTAGGATTCAACACTAGTCCGACCTCCCACCTCGTTTACGCTAATCAGGTCGTCGCCGCCGAGCGCGGGCACCTAGTCGGGTTCCGGGGGCACCGAAAATACTGGAATCATAATCCGGGCAGGAAAGGTCCTACATTGGAGCGCTCGAGTACGGCGCCGGCTGCCCGGCGGCGCCCATGGAACAGTCCCAGACCGAATAGGCTAGGGAAACGAGGTCATAGGATGGGTTGGATAGAGTATTTGCTCGCACCGTTGAGGGATTCGGGCAATTACGCTGGCGAAAGGCGTTGTGAGGGCTCCCGATGCCACTAGTAGTGAACTTGGTCGCAGGGGAGTAACGCTGAGTCCGCAGATCCGTCCTAGGACTCGCAAGCGGGCACCTAATGCCGTACACTAAGGCAAACCCACTCAAAACGAACTGCTAGATTGGGCGTTGGCACAACACGAGCGTCACGCCTAGGGCCACGCAAGAACCGGCCTGGCTAGTCCCAACGCCTGCGGCGCGAGCGGAATGGCAGGCAAACTAGGCGCTGCGGCGGGGGGTGTACACCAGGAACATGCACCCAACCGACGGGACGGGGCGGGGAGGGAAAGCGCACCGAAATCCGGGGGGGCCTTCGTACCTGCGCCGAAGTAAGCAAGGGGGACCGATGCTCTCCAGCCGCACCCCGGCTCGGCGCCCCCGTCTGCGGACGGCACCGCCTTTGGTCCCTCATGCTGTC
NG1_12_P1	605	AGGCAGTGGGAGTCCCGCCAGGGAGGCAGGTGACCAATGCTCTTCCGAGCTCCTGGGACCAACCACTGAGACGTCGTTGCGCTCACCGGACCCGATGCTACAAACCCGAGGTGCAGCGTTGACAGCTCGTGGATAGCCGGGCTGGAGTTGCGTGTGAGTGTAAGAGGTACCCGATTGCGAGAGCGGATCACACCCTACCGTTGCCCGATGGAACGCTGGCGCGGTCTACCGCTCGCTGAACGGCTCCGTGAACGGTACTTCCGTCCCCTTAATGTATGGGCCCACGCTGTCTTAGAGCGCGCTAAGGTGATTTGTCGAGGTGGAGGAGACGGGCGACTGCGGGAAGAGAAGTCCCTGAGCCATGTACCTTGCGGTGAGGAAGGCGCGAGGGGGACGGGCGGTTCTTCCGTACTGTGGAGGGGCCGCGCCCAATAATGGTCGTGTCTGAATGTTTACTGCGCCTCCGTAACGCGGCCGCCTCTTGACACCGCGGCTCCCTACCCGCCTCGGGCGAGTGAGCAGGTTTCAGAGAGAGTCTAACAAGAGGGTTCTCTTATCTCGCCGCAGCTCGTACAACATCCCCAGGTAACTATGTGCATCATTCT
NG1_12_P2	719	GGAAATATTTTGCGTCTCACACGATCGCGAGGGAGTTACGGGTAACACCTAGCGGGCCCGTCGTCCGACGCCAGGCGCCCAGGCCATCGGCCCCCACCGCAAAGGCTGTTAATCTGCACGTATACCCGACTGGCGCAGTTTTGAGACCTGGACCTTGATCCTTTTATCTCTGTCCTGCTTCTTGTTCTTGTCGGGGCCGTTTTAGTCACGCTTTTGGTTATACACGGCCATACTTATCTTGCGCGCTAGCAGACATATTGAAGAAGCATGTGTCGCTGTGATCGGTGTAAGCGCGGATAAAGCCGTGCGATCTTCCAGCAGGTGAAGGTCGAGGAAGCAGGACGCGCCCAGGAGCTGTCGATTGCATCGGGCGTTATTTTCAAGGGGAGTTCGGTGCAGGAAACTGGGATCGGCAGGTGAGAGGTACAAGAGTTGGAGGACCGTACGGTCTCCCCAGCCTACGGTCCGTCACACGATTACACCTTCTCGCGACGCGTGGACCCATGAATATACCCTCACCCCTCGTGAACCACTATTCTGGGGCAAACGACCGCCCGGGAGCAGGCGTTCATCGGACGGGCTCACCGCTGGGAGCAAAGGTCGTTACGGAAGAATATGGATGTAGGGTACCAATACTAAGGGTAGGACTGGCGGGGCGTGTGGGGGCGAACGTACTAAGAAAGTTGTAACCCTCGAGGCGGCCTCCACTCAAATCGACC
NG1_2_P1	867	CTTACAGTCCCCGGCCGGCGCCGCGGGCACCGGGCAGTGGCAGGCGGCGAGGAGGCGGCGAAGGGACGGGGGCCACAGTGCTGCCCAGGCGAACCCCGCCGGCCTGACTCCTAGTAGCTGGGAGTACGGTCGACAGCGAGTAGGTAAGCGGGGCTGGACTTACGTATATAGTGGTTTGATATGTATCGGTTACCTACGCAACGCTGCTAGTGTCTTGTGGGTGTGATCCTAGGAGGTCGTTATTGGGAGTGATGATCTGAGGCTGCGTAATGAGCCAATGTCCATCACTATCTTTCGGGCACACTCTACGTTGCAATAGGGATATCATATCGAGGAGGGGAGAGGATTATCGATAAAGGATTAGCGGTAGCCTCTCTGTTTTTATCCCGTTCGAATCCATTCATTTTGGCGTATTATCTACAGCGTATTCGGTCACTCCCCCCTTAGCGTAGAACGTGTGCCCCAACTGTAACCCTTAACGATATCATAACTCGACGTGGTAGGGCGCTCGCGCTAACAGCCTACAGTTGCTACGTGGGGATATACCAATCGTCCCGAGTGTCCTTGAGTGTTATCCTGGGGCTGTCGATTTCTACTGGCTGAATAATTGAGGAGACTCCCCATACCTGAATGTATCAAGAACTAGATTTTGTCTCAAGTCCTTCACAGCTTAATTTCCCGAAAGAATCTTCTACAACTTATTGTGTGTACAAATGCGCTGCTTTTATGCGTACAAGTACTCTGTGAACATATGACGTTTTAAAATCTTTTACGACGGCTGCCCTTTGCTTATAATATGTAAGTCTAGACGCTCTGATCATAAATGCACTATGGTTCTGAGTTTGCCGACGGTGCGAATAACAGCCT
NG1_2_P2	889	ACGTAAGGGCTATAGACTTCGACGATTCGGACAGCTCCGTGTGTGAGCAAGGTAGAATAGAGAGGGTATAGTGTAAAAAGGCTAAATGTGGAGCTAGAGACTCGAAAGGGGCCGGTTAATGTGGCAATCAGTGGCAGTTAATAGCCCACGGAAAGGTCGCTAACCGGGTTCGGTAACGATTCCGAGACGCCCGGGGTGCGCGGAGCAGCGTCCGTCCGTGGACCCATCCGCGCATTCGAGGATTACAGGTCCGGCGCCTAAATGGTGCGAAGTCCCGCTCTTTCGGGGTGCTGATCGCGCCTTGATACCTCTCCACGCTCGCCACCGAGCGAAAGGAACTCACGTGACCGTGTTGCGAGTCGCAACCGCGACCAGGCCAAACGCTAGCGATTATCGGTTGCGATCCACCGACCCGTAAGCGGGGGGTTCGACGCGGTCCCCGGCCAATGCCGTGCACCGCCCATGTATTCGTGGAGCGCTGTTGGATGCCGGGGGGTCAATGGGCCCAGCGCTACCCGTAGTGTTGTGGTCCGCAGGCACCAACTTCACGTAAGAACCCTTAATTGTCCTTTGGCCCGTCCCAGGCCAGCGCAGCGCCGTGACTTTCAATGTGTGGACCCGTTTTCACCCGGGTACCGTTTCCCAGACGCCCCGCAATTACGGCGTCCATATCGGATGGGTCTATCTAGTGTGTTCCGCGCCGAGCACGGGGCGGCAAGTCCGGACCGTCGCGGATGACGCGATTGTGGGCAACTACGGCTAGCGTGAGGTGGACCTAAGTGACCCGCGCGCAAAGAAGGGTTAGGCTAAGTCAACTCCGCGCTCCCCGCACTCGTTATTGGCAGCGCGTCTTCAATTACGGGCCGGGGGAGTAATTGTATATGCATAC
NG1_3_P1	2361	TGCGAGTTTAGGTGCGTGACTAAGTTTCCTATACGTGTCCGATTGACATTCTATTTTATTTATTAGACTGGTGATATAGTCGACAGTAGTAGATTGAGTGGACGAATAAACTACCAAACTAAAAATCGCTAACCCAGCCATGAAAGAGCTAGACAGAACTGCCCGCGTTGTACCTGCGCTCTCCTCTCCGCGATTATTCATCCATGTTGCACCATGGAACGATGCGCATCTAAACGATGGCTTATAAATGTAGTAGTCACCACAGAAATATGTCGTGATCTCGTCCCAAAAACGTCATGGCCTTTGATCGCAACAGCCGAGTCTATCAGTAACTTTATATCGGTATAGGGGCTACGGAGATACGGCTTAGCACGTCCTACACCTCCTAGAGTTTGTCTCGAAATCCTAAGCGTAGTCATAGATAATGAGAATTTGGAATAAGCACCCAAGCCTAACTATATAGAACTGGTAGTAACGGATGTACACGTAGGACGAGTTAAAAATGTAATCTGATTAAATTTGGTCGGTGCTAAGACGGAAAAATCTCTATATCAAGCGCATCGAAGCTCCGGGTACCAGTAAGTGAGTAGAAACAGCCAGGTAAACATATAGAACGTAATGAGCAGGCCTATAGTTCTACCTCTTTGAGACTAATGAAGAGCAAGAAAATTAGATATCATGAGTGTTCATTGATTTTTACTGGGTAATATTGTTAACATATAGCACATAGTTTCTTCCAATCGAGGCACAGCCTTCCTCTGTCTTTATAGAGAACTATCATAGGCTTCGAAGAAGTAAATTCGAATTAATGTGACCGGTTGATTGTTCGCATTACTTATGTGGGAGGTAAGGAGCTTACAGATTAGCAATTAACTACCGCCTGACAGTATGCTAGTATATAAGTGAATAAGTGACTGCATAAGAAGAGATATAAAAAAGGGTTCGCCCTCATAGACTATGAAGCTCGCATTAATGTCATCCGAAAAAACGGATTGTCCGAAATACTATATTCCTGCATCAAAATAAGATACGGGAGTATACAGTGTCATGTCCGCATTAACTGGAACTCCTAATGTAATAATGAAAGTACAGTGATATTTAAGTTTAGTGATGATCCTTAGTGGAACATACCATATAATATGACATCTTAAATCGTTATCCTCCACTAGCGCACTACCTATTTGAGTACAAAATTAAATGTAAACGGTGTTGTGTCTTACCACTACCAGCATAAGGGCCCCAAATCGATGTAAGGTGATCCACGGCAAATTTCACCCGCTCGCATTGAGGAAAATTCTCGAGAAGGCAGCTATAGAAAGGCCGTACTAATTGTATGATGGGCTGAAGGTACGGAGACGGCGTATGGTTTTGAAATCTGAGGAACTAGATATAGTGGGACGGTTGGCACATATATGGATGTGGTCCCATTATTCAATGTAAGATTGATGCGTCCTGTTTCAAAAGAAATAGAAACACAGACGGGGAAAGGAGTCAAAAGGAAAACAACCGATTGTGATGTATTAGGCCTTTCGGTCCATAAAAATACTATCGCAATTAATAGGACTGATCTAGAAGCTGAACAAGGATAATAAATTCAGAAACTATGTAAACGACAATCATTTGAATAGAATAACCACTATGAAACTTGGGCAAAAGACGAAACCGAAAGAGGGAAGTACTACCGGTGGTAGTAGTGATAGAGTGCGACATCAGTTCCTTTATATAAAGTCGAGAATGAAGAGCCTCCTGTCTACCCGTTCACCCCTTTTGCCGAGACCGTCCTACTAAGTGTTACCATTGCCAACCGGGTTCGAGGTAGGATGCCGAAACGTCACTCCGACCATAACGTCTGATAGAGACAAGAGGATATCAAGAATATGCCGGCTAGTGTATGCCAGACTTGGCTATGCCATGCAAATATACTAACACGGATACCAGGGTTTGAGCTATCTTACGAAATGGTGTATCCCGAACATGTGGGGCGTGGACGCCATGCGCTGAAAATTTACAATAGTCAAGGTGCATAGAGTAATATGAGCTCGTACAATACAGTAGGAGTTGAAAATCAAGTCATTATACATAAAGTATCAGAAGATAATCAGGCCTAAATAATCGCCCTTGTCGAAATTACATGATTATCTTCCTAAACTCAGGTTACAAGGTTGTGGGTCCGTAGGCCTGTAGGTAAATCCATGACGTCGATGAGGCCCATATAAATCAAGGATTATCGCACTGTTGAACGGTTAACGTGTAATGCTAGCTTTCCGATATCAAGGCCTAAATACCGCGATTTAGTACAGTGCCGAAATAGATAACAAGCTCCGGTGGTTTCAAAAAGTGGTGATCTCGATGTCAGCCGCA
NG1_3_P2	1725	AAGTCTACGACCGGGCCCGGTCCGTCCCAGGGCTGCGGCTTGCCCGCTGCCCCCGGGTCGCCTGGGCCCCCTGGTCTCCCGGCACCGCGCCTTCGGCCGGTCCCGCCCTGCCCCGGCGCCCCCCCATTGCCGTTGTCGCCCCTCTGCGCATCATAAAGATATCGTTTGACCGAATTGAGATATGTTGGGTGCTCGCTAAATTTGCGTCGAGTTCCCTTTTCCTGTGAGTTCCGCCAACTTAGTGTTGTGTGCTTTTTCGACTATAACCTGCTGAGATGCGGTATAAGAGCGGGTATAAGGGACGTTTGCTTTCCGGTCCTTCGAACTTTAGGACACATTCGCACGATATGTACACCACGGCACAAGAATAGGTGGTCGATCTATCCTTGTGCGTCAGTGACCCTTCATCCCTTGATGTCGCGCAGACCCGCCCAGGGTCCTCTGAACCAACCTGTTCATCACTCCTTTGCTACGGCGGAAAAAGGTTTGGTGTGCGCTTGTCGACCTCGGTTGAAGCACTAAGCGGTATACGCACTACGTCTAACTAAAATCCGTCACGGCCACGAAGATTGGCGCCGACTCGACCTATCTCGTCCGCCGGTCCCCACGCCTGTGTCCATCGGGACAAGTTGGGATACGGCGTCCTTGAGCATCGTTAAATAATCGCAGTACGTAGCTGATTGGGGAAAAGTACGTTAACCTACCAGGGGAGCGGGATGTAGATCCGTAGAATGCCGTCCCAAGCAGCAACAGCGGCGACGGTATCCCGACCACGCGGCCACCGCAGGGACGTGATCTCCTTCACGCTTTGTCTGCTGACCTGATGCTCATTATAGGGGAAGGGCGATATCCTATATCATATGGTAAGGGGAAGATTTAAGGGCCTGGACGGTTCTCTGGCGCGGCCAATTATCGCACCCCAGACTAGAGAGGCATCGTCATCATACTCTACCAATTCCTCGTCCTGGCTCCACTCGACCAGATCAGAGGCCTCGGTTCACATCCGCTCGGGATGGCGGCGCCACTTGCATCTCGACGTAACCTGAAATCCTCAGGATCCGGGACTTGGCGGGTTGACCAAGGGGCTCGATGATTGAGACAGGGTACTGCACCACGACCAGCCAACCCTCACGAACTGTCCATGCTGCGTATGAACGCTAGCGAAACACCAAACCAGCTCGTCATGGCTCAACGATTGAAGTAGAGGAGTGCAATTCGAGTCGTGGCGATGCCCAATCTCAATTATGCTGGCGGAGGGGACACTCACGTCCCGAGGAAGAGCCATCCGCGGCAAAGCGCCGACCAGCTCCACAACCGAAGCCGCGACGACGTGCCAGTAAATAGCACGTCGAGGAGCACGCAGCATGGGGAAGGCCAGGGTGAGCTCAGCGTCCGCCGCAATGGCTTCGGTGAGGTAGACCCGACACACCATCCACCATTGGCCTAAGCCGATGGGGACCTTCGACGTAGCGATCGCGCCGTACCTGGAGCTCGCTCTCTGGCAGGAGACGTGCCGAGGGGTAACTGGCGCTGAGCGAACCCCTCAATCATAGCAAGTGTCCCAGTTTTTTGATGTTGAGCTTTTTGGAGTAGTTGGGGGATGGAGGGAATATGTATAGTTATAATGTTTTGATGATGGAACTGTATGGAGATGTAGTGAATGCACCGCCGTGAAGATCCGGCTCGAGAAGCCCCTTTCGACGGGTCTTACTGACGCGCGGGTGT
NG1_4_P1	1914	CCCCTGGTAGAACATCTGCTATTCCTTGTTAAATCCGACTATTTAGGCCTAACGGGAATGATGGTCTCTACTCCCTTGTAGAGGGTAGGGTCCTTTTATAGGTGAGTACAGCATGATTTTGAGCGAATCAAATATATGATTACGAACCTACCAACCTTGAGGGCCCCAAAGAAGGTACTTATCCTTGCTATACAGGCAGTTCTCACGCATCAGTCTCACGGTGCTAAACACCAAGTGCCATCAGGAGTTATGGCCATGATATGCGGCGAGAAGAAAAAGAGTAAGTCCGCAGAGCGTAGAAACATAGGGGAAGGCAGCCAAAGACGTCCATTAAAGGGTGGCGAACCGCAGAGATGAGGGCGGCGACGCCGCCGCCACTAGACCGCAGGAAGAGGACGGCAACATCACGTGAGGGGTGAAGGGGATAAATGCCGGCAGGCTGGACAGGTCGCAAAGACGAGAGAAACGGGTCCGTGGTCCAAACCAAAACACATCCACGACCCAGGAGGGATAGGCTGTGCGAGGGGGGCTAGCTCCCAGGTCTTCAACCGTACGACGAAGACAGGAACTGGCGTTCTAACGCCGGGGAGAGGAAAACTCCCTGGAAAGGCCCCGAACGATTAACAGTAGTTCGACGTACAACAAGACCGTAAAGAGCAGATACGCAACAATGAAATAGGACAAAGGAAACGAAGAGAATTACGAAATAGAAAAACGGACGCAAAACTGAGGGATGAAAACCGACGGATACCTCTGACTGCCGCTCGGCGTACCGTTAGAATGAGGGAGAGAAAAAGAAAGACAGAAAGCGGAATGTCATGCTACGTCAAAGGAGGTACGGGGAAGCAAATCGAAGAGTGGAAAACAAAAGAAATTGAGTAGCTTCATCTGCCATAAAAAACAGCATGCTGCGATGTTAAACGATGAAATGTTACAAGGTGAGAAAATGAAGAAGGTGACTCACGGATATTTACGAAAATTACCCCACAACTATAATCGTCGAATGAACGCGTGGGGCAACGGGGCCCCCGGCGAGGTGAACGAGATGAGCCGGGAGCCCAGTGGCCGCGCACAAGGAGGCTGGTAGACACTGTCCAGGGGATACGGCTACGCCGGGAGAAAGGGTCTTCACACGAGAGCGAAGACCCCAGGGAAGGGTGACCGAGCATGTGAAAAGGTAGGTGAAGACCGCAGGGGTGCACGGTATACCGTAGGGGGAAATAGAGCAAGAAAGGATTAAAATGGGGGAAAGGAACGCCCAAGAAGGGGGGCACGGAGAAAAATGGGAGGAGCAGAAGTGAAAGAGAAAGAGAAGATGGTGAATCCACACACGGGATCTAAAGCCGGTGTTGAGAAGAAAAACATACCCTATAGAGACGGATGTTTACCGCTTGTCCATAAAACGCTTTCATTACTAATGAACGGAGGAAGTGCTCATTAGTAATAGGAGAAGATCAAAAGTGGTACGTTCACGCCCAAACTACTCCCGAAAGAGTGAAATAGGACGTGGGATCAATGCCATATTCAGTGCAGCAGGAGACACAAATACACGACAGAATCGGACACCTCGCGAGATGACCGTTGGCCCTGAGTATTTCTACGTCTAACGAGGGTGAAGAACGTCGTGTGAGTATTGTCACAGTAAAGCAGCCACGAACCATCGACCCCATAAGATGGGGGAATATAGGGTATCACCCCATCAGCGTATCTAGTGGGATACACTAACTAAAACAGTTGGCCCCTCTCCAAAAGTACAACGCGGCTTAACCTAGGCTTGATGAGGCTACAACGAGGCAGTCAGCCGCAAGGAACTCTGTACGCGTATCAAAGAAGTGACTCACCTATCAGACCCTAGGGGACTGGAATAATCAATCGTCGAAACCACCACGAGCAGAGAGTGGTCATGAAGGTACG
NG1_4_P2	944	AGCCATCGCGCCCGCACGCTGCGGCGTGCTCGGCCCACACCAGCCACCCCGCGGTGCCAAACCGCAACCCGTTCGCCACAAACGAGCACGCGCCCGCACAACCAGAAGAGCAGTGCGTCGCCAACGGGCCCAAGAAAAACCAACCCGGCTCAAGCAAGACCGCGACATTTGGATGCCCCGAGTCTTTATGAAACGTTCTGGCAGCACATGCATAAATTATTTGCCGGCAGCAGGTAATACTTAGTATCGCCGCGAAGCTCAGGTGCGCACGCAGAATCTGCTGCGGCGAAGCTCACGGGACCCAGAAAAAGGAGCCGTTGAACGAGGGGATCACGATCCTACCCCCGGACTCGGTCTTCAGATCACCCGGTGTTCTGGACGGGGAACGCAAACACTGGCATGAGTTGCCTGAAGACCCGGACCTGCGCCTCAGTCTGGTGTACAGACTGCTCGGTTAGAACCTAGTACCCTCGCCCACGCATCCGAGTAGCGTGATCCCGCAGTGGATAGATCGGTAAGGCCAGCGTGAAGGGAGATCTCAGATGCGACGAAACGATAGCATGCTTAAACCTGTATGCAAGGCAATCAATCGGCCCCCACGCTGAGGCGGAACGTCACAAAAATCCCACAGAATCCCCGCACCCCCCCCTACGTCCCCCACCGCCCCCGAACGCACGCCCAGCCTCCTCAAGACCCCCTTCGTACTCGCTCCCTGGACGGACTTCCGGCACTGGTGATCCTAGTTCTGGACGCGGACGGAGGATAGGCAACAGACGAACTGTGGCGCCAGGGTAAGTGTACCGACGCAAAGCGCCCCCCCTTACTCACCGGGGCGCCTATTATCTAACCAACGTCGATCGGGGCAATGGCCGAGAGGCGGAACAGTGTGAGGGTCAGCCAGAACGGGAACCCGGGGTGCCCTCCCATCCTATGGGGAGGAGAGA
NG1_5_P1	2336	GTGGCCTACGGGGAACCAGTAGGGACGGCCACGCGGGAAAAGGCGATCAGACCCACCTGGCCTAGAGACAGACCAGGCTATAACCAGGAACTCCGGTGGAGGCTCGGCGCAGCTTTGGTCCACGCGTATCTGAAAAGCTTACACGACCGGCTTTGAAACCACCGCAATCAAAAAGGGAGAATGTCAAACCCTCCGCAACAGGTGAAAAACTAGCAGAGTTTAAACATTGTGTCGAGACTAAAAACAGCCCAGAAAGCAAAAGGAACGACCCTCCAGCACGGAAAAACAACGAAGGAATAAACCCCAAGATTGGAAATTCAACTTCGCGAAAAAGTGCTCCACACCAGAAAATTCGGGCAAAGAAAGACCTACTCACAAGAGAAGGTCCTATAGTTACGGTGCTGGTTGTTAATGGAATTAATAGCCAGATAGAACACAGAGAGGAAATCGGTTAACAAATGCAACGTAAACCTAAAGTTGACTCCTACACATAGCGAAATGCCTGTAGGTGAAAGTAAAGGATGAAATATCCTAATCCATACATACAGCGAAAGCGTGATTGTTGAACGAAGAAGGGAAACAGGCCCCGGCTCTTTGAATCCAGGAGTAACCAGGCTTCAAGCATGGCAATCTTGACGTTCACTCAAGCATGTCTGGCCTTGTACCCCAAAAGGAATACACTCAAGGTGGGGAAATATTGAGAAGATAGACAATATCCATGAGGCTCAGCCAGGGATACACACTCCAACACGGCGGTGATCGAAGAGGTAGAAAAAAAAGGGTAATGGAATATCAACAGCGACGCTGCTCTTGGGATTCCCGCGATCGCGCGAGGCACCCCTAAAAGGATCAGTCGACATGTCTCCACGCTGAGCAGAAAGGTGAAAAAAAGAGCACAACGAAATGGATAGGAGGATTGTAAGGGGATCAGGAACTTATCACAGACTCATCGAAATAGTAGCAACCACAGAAAACCATATATGAAAGGTCAAAGTACGGAACCCCGCTGAAAGCAAAGAAGCGCATAACTTGCGCACTTTTGAGTTATGAATAAACTGTCGCTGTCAGGAGTAAACGATGTAAATGCAACCAAATTAGCACACAAAGAAGACACGGTCGAGATCCGCCTGTACAGGTGGGGGCGATTCGCCTCTTTGCACTTTGATAATTACCTCGGGAGGTCGGCCCACTCCAGGACCCACTTTCGCCTAAGTGCAAAAGGCGGTAGGCTGGTGAGTGACACCAATTGCGTAATAAGAGCGACTGGAGAGGCACGGAGATCAACGGTAAAGAATCATAAATTGAGGACGACGGGAACAAGAACAACGGAAGAATAGAATAATGGAGTACGAGGAAGTTCTAACTCAATCGTTCAAGACAGGAAGATGAGATTAACGGGTCTGCAGCAAACAATAAATGGCCACAAAATAGGTGCAAAACTCCGTTACGCGAACCGTCTACTTATCGTTATCCTGCGAGGTATTTTGGGCCGTAACATACCGTACTTTCAGCTTTCTAGAGTTACTACATTAAGAGATTAGGTGTCGTCCATGTCTTAGCCACAGTTCTACCAACGATCCCCCCCCCCCGGATCGCCCAAAACGCACTACTGGCGTGAACAATAAACGGATGCGCCTGCCTCGTACTGGCATTTAAATAGTCGACCTCAGTGCCGAAAAGAGCGTAGAGACAACACACACAAAGGAAGAAAATAGGAAGTTATAGAATACACCTAAAGAAAGGAGGCAGGAATAGAATGCAAAGGGTGCATAACCACCTAACCTTCATAGCTGTGAAATAGCATTGACCAGGCACGACCAGAACAATCTAAACCGGAAAAAGGTTAAGATCAACAGACGGACAACACGACAATTGGCACACGTGAGTATCACATCCAGGTCTCGACTGTCTCCCTGACAGCCTTCATAACGCAGCCCCAAAAAGCAAAAAGCGGATAATCAGTAATCGCGAGTGAACAAATCGCAAACCCCATGCGAGGGGGCAAGCTTAGAATATGAGACGAAGAGTAACCGAACATACGCACAAAAAAGTCTAACAAAATAAACGGTGGAACTATAGTGTATAAATCTGTTAAATACGCGCTTCTTTGAAGGGTATCGTGGTGTGGATAAGGCGCACAAAATAATGCTGTCGATTCGAGTTGGAAAATAGGTGTTATATCTGTATTTAGGTGATATCGCTTTAAATATTACCCGTTCCATGTTTTTAAATTGTCATCGTAGTCTAGAAGATATGTAATGGTTAAAACTGTACTTGATCGTTTTTATTTATTGCACTGCTAAGAACAGGATATTTGGTGACATTATATAGTATGT
NG1_5_P2	1169	CCATCGGCGGTGCCCTACGGGCGCATCCCTCGGCCGCTCCACGCCCGCCTGGACCGCGGACGGAGCTCCCGCAGACCGATACCCCGGCGAGGACCTTATCCATACCTCGTAACAATATGTGGCTCCAATCCCCGGTAATGTCGCTCAGATTGCAATGACGTCGATGCGGGTTGCCGAGCCCTCAATGGGTCGGTCATGAGCGGTTCCGGGGGGGATAGGTGAAACGGCGAACACGCTTAGTAAGATTGAGGCGTTTAAACGCGGGGCCGCCGATTACTCACGGACATGGGGGGTACGAGGACCTACGCGAAGGGCCTCCAGGAGCGATTTGACAAGGGAAGTGCCCAACGGTTGGCTCGTACCACGGACCAGGGAGTCCCGCTAGGTCGTTATCGCTTGCAAAGGAAAAATTAGTGAATGGATAAAAGGGCGGTGGTGACCATCCCAATCCAGGAACTAGTCCAGATAACAAGTGGATCCCAACAGTGAGAAACCAGGGTTTCCCGACCCCATTCTAATAACCAGCGGTGGGCTGCCGTGAGGTATCGCAAGCATATTCCCGTTCTTCAAGCCCGATTTCCAGATGTCTCCCACCCTACCAGGAGGGCTTCTCAAAAACTAATCAGTTGGAAATCCCGCCCTGCCAGTAAGGTCTTCGAGGTAGGGAATATGGTAAAGGGCGGTATTTCGAGTCCCCAATAGAAACGCGAGCCGAGGTTGGGGACGGTCTCCCTGACGACGCGAACTCATTCGCCCCGGCAGCTGGGATTCTTTTCTTCTGTACCAACGACAGCGCCCCCAGCCCGCACCTGCCCAACGTACAAAATGCGCCAGTGGTCTGGAGCCGCGATCCCGGAGCGGCGAAGAAACGCCTGAATGCGGCCGCGCGTACCCGCCGGGCGATGTCCGATACGATTAGTCTGATTTGATCGCGGAATGCAAACGTAACCGGAACTGTTGCAGTCCTTATATTCTGATCAATGAACCTGTACTAGTTGAGGCACGGATTGCCGCGATGTGTATTCAGAGGTAAGGGAGGGGACGTCACGATCAAAAACGAGGCGGTCAGTGGGCCTTTTGTTCACATATTCGAATGAATCCAATGCGAGTTGAGGAACGAACAATTTAATAATTCCTTTGTTGAGCCCTATATGTCCTCCCCCCTTCCT
NG1_6_P1	1986	CCGGCGCACGCCAGGGTCGCCCCGCGCCTCCGCCGCCGGGCGCACAAGCCGCGTCTCCCTCCCTGGGGGTGGCGGCCGCCCGCCGGCCCGGCGCGCCTAGGGCGCGGCGGTCCATGAACGGCTCGCTACCAGGCAGGCACTTAGGCAGCCTGATGTTGTAGCGTTAAGAATGGCCGAGCGGAAGCGGTTAACAGCCTCCAGCCGCGAACCAAACCCCAAGGGATGAGAACGGCCAATTACCCAAATGTACACAACACTCCCACCCCCGTGCTCCCACCACCGGCCCTCTAGGACCGGGCGACAACGAGTTAGCACCGTTGTCTCCGCCCCACGGCTTTGCCCAGCACACCTCGCGCCTCTACACTGACCGACTAGGCCTGACCACCTGTCAGCCTGCTCCTAAGACCGCACGAATAGCCCGTAGTTTCCCCGCCGCGTCAGGACGAGCCGGCCACTGGGGGCATAATCATCAGGCCGTAGACGAGCTTTCGTGGCCCCTCGGCCGGTCCGGGTGCAACGGCCCCGGTCCCTGGCCGACTGGACAACCAATCCCCTGGTGTGATCGGCACCGAACTTGCGCCAGCCACGTGCCCTCAAGAGCACGGGACTGCCCTGCACCGACCCGCATCCCTCACCCCGTAGACGCCGCACTCCAACCTGTAGCGGGAAAAATTGGCAGAGTACTGTGCCATCGCAACGATGATTAAGGAGAAAGAGCAGCAACGCCCAGGCAAAGAAAAAGGGACGACAAAACCACTCAAGCACCGAGCGGAACAGCCTAATCGCGGACTGGCGCGTATCGTAACTCCGGCCTAACATATTCGAAGCATGAGCAGGCACCCCCGCAGCTTCGACCGTTATCGTGATACTGTGAGCCCTCTGGCACAGGTACCAGCAGAAGCAGGGTGGAAAGAGCGAAGAAGAAGCTACCGCGAGAAGAAGATGAAAATAAGACCGTCAGGCTTTGCAGCGCAGGCGCCCCGGCCCTAGACACTTCGCCATAGGGATCCGAACGCTGAAACAAAGGACCGAGCACTCCACCCACGCCGACTCCCACAATCACACGTAGATGTCCGCAATGACCCACGCGTCCTCCAGTCGTCCGCTAGTGCAGCCCCTCGGAGTTCCCGCACTCCGTTCGGACCCGCGCGGGCTACTGGGCCGTCCCCGCGGCGGCTCCGTGCGATAATCCTCCCAGGCCCGTTCCCCGCCGCACGCTGCTCCCCCTCGCATCCACCCCGCGCCTCAAGTCGAAATCCGCTCCCGGACTGACGCCCCCGCCCCCCCTGGTTCCACGTATTATCACGCACGACTCCCCCTCCCCGCCCCACTCTAACGGCCCTCGCCGCCTGATCGTCAGGCGGGATGCACGCGACGCCCCCACACGTTCCGACCCTAGGCTGATACCCGTCTTCATCGCTATCGTCGCCGCCCGAGATAGCCCAACCCACCTCCCTCCGCGCCAGATGGGCCCAGGAGAGAATAGGGTGCACCGATCGCGGGCCCGAATCAGCGTTCCAGGTCAAGAGCACTCCGCCCTACGGGCACTACCCCATTCCTTCCCACCCCCTCGTTACTAGTCCGACGCAGACGTTCACTGGCGCCCAGAGGTAGGGGAGCCAATAAACGGAAGAACGTGGCCGAGGGACGTGCCAGCTACGGGCATGAGCGCAAGGACCCTCGGGCAGGGCTCTCACGCTCCCCAACCTTCTCTCCGTAAAGTCCGCCAAGCGCTGGCCAAAGAACTACCCAGCACAGCCACCCCCCCATGCGTAAGCCCCCGAGTTAACGGTGGAGTCGCTTCCCTCGTCCCGCCGCCGTTACCCTGTATGATTCACCCCGTGGCCTAGTGCAACGTACCACGCGGCCCGCCCTCGCCGCCCCGAAGCCCCGGGCGGCCGGTCGTCAGCATGAGTGCCCATAGACCGCCACGCGCGTAAACACCGGCCGAGCCGCCGCTGGCTTTTGCGTGTCGACGAACAATTG
NG1_6_P2	1648	ACGGTCTGCTGCCGCCCCCGGGCTAGGCCCGGGGAGGGAGTGCGGGTGGGAACCCTCCTTGGCGGGGAGGGGCGCGTAGCCCAGGTGCTCAGACCTGGCCGTCACTATCGTGCTCCATGGTCCCAGCGCCTTAGTAACGCGTAGGGACATATGCAGGCTCTTCCGGGCAGCGCCCTGCGTCCGCGCCGTCCCCCCTGGGTCCAGCCGCGGCCCCGCCCACCCCCGCCCAGTGACGTCCGCACGCACCGGGCGAGCAAGGCCAGCAGCGGCCCGCGGCACCCCCAGTGGCGAGCCTGACCCGCTGCCTGGGGGAAGGCTGAACGTGGGCCGGCCCTCGGCCGGGTCGACAGCTCCTCGCACTTAGGGCTGGAAACTGTGTCGCAAGCTGTTCCCTGCACTGACTGGCCGCGGTGGGGTTCTCGCCCGGGGCGTTTGCCGTCAAGGTGTTCCCGGGTGGGGGGAGGCGCCACCGGAGTACTGGGGGGTCTCGTGTGCGCCGGCAACACCCCCTCGACCCCGCGTTTGGTTCGTGCCCGCCCTGGTCTGGCGGAGACGGAGGTCCTCTCGCCGGGGGGGAGGGACGCCCGCCCAGAGAGCTGCTGTGTAGGGAGGTACCGGAATTGGCGAGTAACTTGCTGAAGCGTCCGCCGGTATCCGTCGCTAGTGTGTAAAATATGTTGACATCCCGCAGTATGCGATATCAACTAAGTCGCATCGAGTTGCCCCTTAGGCCGCACCTTACTTTTAAGAAAAGTACGATGTGATTCTTCCACTCATCTGCAACGCCACAGCGTCCTACATCACGATGGGAAGGTTTTTCATTAGCGTTTTAGTGGGATATAGGCTAACTAATGAATGCTAGGTGAGGCAAGAGAGGGTTCGGAGCTAAAACGTTCGGGGCTACGCTGACCTACCGTATGTTCCCACCGTCTGAACGTGTTTGCGTTTAGATACCAGTACGAAAGTTTGGATCAATTGGGAGAATTTAGTGGTGTAGTTAAGTGAGCATTTTCTATAGACCGACTTGATCCCTTAGAAAATATGGTAAGACTATGGGGGATCAGTGATATCTACGTAGCAGAGTTCTAGTATGAGACGCCGAGCAAGGGCGAGCTCTGGGTCTTGGCAAAGCTGATTCACGATAAAGCGATAGACGAAGTAATCGTATCAACGATGCTACATTACACTACTTCACGATCGCCGGTCAACATGTAGAAAGGGTCGGTATTGACAGTCGTCGTCTACGGTTATAGAAGTTTCCATTTATTATATGGGACTATATATATGTAAGATTCTAGCAGCGAGTAGATTTAACTTAAAGTTCATGTTAAAAACCAGGTAAGTAATCGTCTTAATTTACTATATTTCATATTAGGTAATTCAATACTTCCGTAAAGCTATTCTTGTGTAACTTCAAACAAGAAACTATGCAAATACACGTAAACATAGAAGGAGCCGATCATCTGTTTATTCCAAAGCTGTGGTTCTGCTAAGTAGAAATAGCTTCCACACTAGTCCTTCTGCCGATTACCCCTACCGGCGTAGATGGATTTATTTAATCTTTACGATATCGTTTGAAAGTTTTTCTTTTAGTAAAGATTAGGTAAATTAAGCGAATGATAGTAATATTCATATATAAGTAGTTACA
NG1_7_P1	884	CCTGCAACGCCCCTCTATCACGCGAGTGAGGGACAAGGAACGTCAATGTGGGGAGAAGTAGGTGACGCTGTACCCATTGCTCGGTACCCCAATCCGGAGCCTCTAGTATTCCTCAGTGTGGGTTCTAACCAATATGGAAGTTGTTACAGGTTGTATGAAATTATTCGCCGGACGTCAGCACGCGGTACAGACCTGAGCATGGTCCGGCAACGGCGCACACACACCCGCCTAGAATCGACAGCCACGAACACCGAGTTGGAGACGTTACCCGCCCTAGGCAGTGGATTGGACAAGTTGAGTTAGCTTGACCCCCCTGGGGAGAACCAATGATCACCGGAACTTGTGTTCAAGCCGACACTGCCGCTCCCCGGAGGAGCTCTCCCGGTACTCTGCTGGGACACGAAATGCAGACCTGGTCCTCTCTGACCGGATGAGCGCCGAGCCAAGAAAATGGCAGTGCATACGTTCCAGAGTGATTCCGGTCCTCGACACAACTCCATGTCGCGGTGTGGTCCAGCAGTCGACAGTGTGCGTGGGCGGGGCCGAGCCCTCGGCGCACGGCCGTCGCCACTGCAGGGATGACGCCTTTCTACCCTTGGCGTAGCAGGCGTGCTGGCGCATCGCAGGCCCTTCCTGGCTAGCCCGAACCAGGAACCAGCCGCGGTTGGGTCCCATATTCCCATGCGGGTCGTTTGGGCGTGGTCGGTTCCGGCTTGTGCGTTGGCGTGGGGGGAGGGGAACGTAGGGCACCGTCCCGTCCGCTTGGCTAGTTTTCGATTCTTGCTCTCTAGGTTGCCCCCTACGGCCCTCCTTCCTCCCCCCCGACTCTACGGAGCCGGAAGCCCCCACCTGTCCCCTGGAGAATGACTCTCGCGCCCCCCGCC
NG1_7_P2	1490	AGGGGCGGGGGATGGGCGTCAAGTGTTGGCCCCGCAGGGGGTTGCCCCCACGGGGGGGCCCCCACGAACAGAGGGGTGACGGGGCCGGAACTCCGGCCGCCACTAAGGCGCGGGCCTCCGGCCAGTGGAATCTTGGTTAACTATTGTACTTGCCGCGGTGAGAGGGTCTGAGAGGGATTCGATGCTAGGATAAAAATGATCAAAATGAAGTGACTGAAATGTACCTCTGTGCGGATGGGATCCTAAGCCAGTCGGTTAAGCTTAGACCATTGGTGCTAATTCTAAATGGATGAATTAAAATAACGAGAAAACTGTAGAGTTCATGCCACCCCCTGGTCATGCAAAATGTGGTGTACACTTCCGAGTGCAGGGGCGATTCCTCAACCAACGTAGCTTTGGAGTCCTCATGTGCCGCTGTGGAGACACGGGATTCTCAGTTCGCTTTGGCTCCGTCCAAGATTTGCGTGGCTGTGTCACAGTTCGATTGACAGATGTCGGACGTCAACGGAAGTTGTAAAGAAACAATCAAATTGTAAGTCTGCGCACCTTAAATGTAATGGTTCTATGTCGCTGGTAACTCCTTTTTTGTGATGTGACCGCGGATTAATTGTCCGCGTATTTTACGCTTTTGATCGTGGGTACGGGTATAGTGCAGTGAGAGCATGCGAACGGATCATGTCAATATACAGGATAGCCAATTGGAAGGGGTCGATCTGCGAACGATGACATAGGAGAAACAATCTGAGACTGCCATATTAAACGGCAATGCCCCGGATTCTAATTGTACGTGTTATCTTTTCCTATCTGGGTCCAGTACCCGCGCATCGATAGTCAGAATGAAAATTACGGTTCCACATCCGGTCTGTCACTTTGTCCTAGTGGAATGGCGAATCTTGTTGCGACCTGCCACAGTAGCCTCCATGGCGACCCCCCGTTCACTGTGAATGGTCGAGACCTACTCATCCTTTACATCGAACAACCTCTGCGGTATGATGATACCTGCCACATTATTTGTGAAAGTCAGTTTGCACGTAGGCCTGAGAAGACGTATTAGGACGGCCTACACAAGCAATTCATATTGAGCAAGGAAAGGAGTGGAAGACCTGAGGAGAAAGAAAGTCAAAGAAAAACAAGGAAAAATAAATTTGATTGTATTCAGAGTAATGCCCTGCCAAGGTCCATATCGATCCAAAGGCGCTACAATAGAAAAAGAAACGCAAGTCACTTCACATTTATATCTTGCGATCACGCGGTTTTAATCTTAATCAGAGCTTACGAGCTTCTTTCCCTCTATCTTTTGTAGTATTCTAAATATCATTTAGTATCGAATGTCTCTGTTACGTCTTTAACGTTTTTGTACAATCCAAACGACATTCGCTACGGGCTTGGCGGTCGGCGCATAGCTATAGCAGCGTGTTAGGCGCGGTTAGCTCGACCTGCAGGGACGCTTGACAAGGACTCGGGAGGGAAGAGGACCATTCCTAAATCTA
NG1_8_P1	1940	CCGGACTGCCTTGTGCTGGACTACAGCGGGAACCGCGCGCAAAGGCGCGGCCTGGGGCCTGAGGGCCTACTCGGACGCATGTGGCTGCCACTCCGTCCGCGTCCGTTCCCGGGCTCTCGGAACCGGTCTCAACCGGGGAGGCACGACCACCCCTGAGCCGCCGCCAGAAAGCGGTGCAAAAGGATGAAAGAGGAGACCGGGTTTGTGGAGGAGGGTCCGGACCATCGAGTCCAACCAGGTACCATCTAGCCGGCGCCAGCGCTTTCGCCCAGCTTGTATGTTAAGGAGTAGACTTTCCATGCTTGGGATTCGTCTCGAGTCGACGGAACTGGTTCCTAGGGCAGGGAGCCTCCTGGAGTCACCAACCTGCCGCGGACCTAGAGCGGTCTAGTAGGGGGAGAGGTTCATCTCCGAGTTGACGCCCTCCCACGCCCATGACACCATTCCGAGACTCGGACCGCGGCTACGAATTGGGGCGAGCGTCGGAGACCGGAACCCGTCCTTCTCGGGATAACCGGGGGCTCGCGGCCGACCTTAGACGCGACACGGCACCCCGCCCGCGGTCGCGGCAAGAAGCCCCCCCCGGGAAGGACATGCGTTCAGTTAGCGTACCGCGGTCGGTGCGCGTCGAGTCGGCGACACTTCTCAACAAGACCCCGGAGCGTGTGGCGGGTCCCTTACCCGCGCTGGGGCAGCCGCTGCCCTCCTCCCAAGCGATACCCGACAGCGGGGAGAGGGACCACGGCGCGAGGGGCGCTGGACGGGGACCTCATTGGGCACAAGCGCCGGCTCGGGGCTGGAGCCACCATAGCCACGCGAGGACGAAGGGAGCACTAGCAGTCCTTCTCTACTCCGTAGAGCCTTCCCCATGCGGACGAATGAGGACGTGAGATCGGGCGCTCTCCTGCACCCTGCACAGTAGCTTGAGTAGCGCTTACGCAATGTCGCATCACTAGACCTGCAATGACTTCAATGACGGACGTACCCTTGAGTGGGCTCGCCGAAAGTACATTGGAATTTCCGATCTGTATGGCCTTGTTAACGTCTGCCTGGTACTTTTCGCTCCCACCCGTGAGGCAAAAACAGGATCATTGTGACCCCGGATAGCGAGGCTAAGGCCGATAATAGACCTCCGGGCGTCAGGCGCCCAGCAGTGCAGTGCGCGGAGCAGTAAGGTAGTAGGGCGAGGTAGGACCGGGCTGCCCGTATGACCCTGCCCCCGAACGAGAATCTGAGGGGACAAGTCGTCGGCGCTTTACCGGACGAGCATCTCCTGGCCCCAATGGACGCCATAGTGCCAGCCCGGCCAGGGCTGGGTGCGGCGCGACCCGGGGCCGCAAGAGGAGATGGGAGATTGGCCCCGCTGAGCCTACAGACGCTTCTCCTATGTATCCCGCAACCAGAAAGGGATGGGGTTCCGTCCGTGGACAACAACCCTATCAATCATCTCGCCCGAGAAAGGGACGACTTGTTTCTGTTCGGCCGATTGTGGTCGGCTCCCCTGGTAGCGGTGCAGGCTTGAGTCCGCGGTTCATGCGCCACTTGCCTTCTAGTGCCTGCCCTCAGGTTCGACGCCTGTCGTCCCGTCCCCGATCGTCGTGTTCCCCCTCTTACCCCCGGTCCCCCTGCAAAACGCACGGCTAATGTCAAGCCACGGCTGCTCTGTGCTGGGTCGCCACCAGTCTCCGATCTCACTTCCTATACAATACGACCAACATCCTCACCGCCCCTCAGCCGTCAATTTTCCTGGCTAACCGCCGTTGTCTTCTCTGGGCCCTATAGTTGCGCTGGCGGGGCTGATATTCGTTTGTAACATACTGGTCTACGCCGGGCCGCGGTAACAGCAAAAAGGACACGTACCACTTATACGGTGGCTTTTCTCCCCCGCGTGCTGCTCCAGAGGTGCAGTTTAATTCCCTCTGAATTATAGTAGTGAGTAA
NG1_8_P2	975	TCCTGCCTGTCGGTGTTGCGCAGACTCTCGTTAGCGGGGTGTGCTGGGTAAGGTAACATCTTTATAACCGTGGCAATTAGTCTATCAGGAAACAATGACGAACAGAGGAATCACTCACTGTATACCTCGATAGCAGAACGGCCTTCCGAAGTGACCGGCTGACGTCCAGGGTTAGCAGATATCTCATTCAACAGGAAATGACGGGTGGTAGCTGAAATTTTGACTATAATTTTCTGATAGCTAAACCTATTATACAAAGATACGTATGGTAGGCACATTTCCGTACTTAAAAATGTAGGAGTACTAGCTGTTATGCATAAAAAATTTAGACCGAGTAATCCTATTCAGGATCAGCGTAAGAACTTGACCAGTGACTTCGGAATGATTGAAAATACCAAATTGGGTAATTTCGTGTTCGAACAATGTTAGCGTTGGGCAACAATAATGTGTTAGGTTGGCTGTAATATAAAGTCTAAGGTAGAGGTGTAACAAAAGATTACCAGGTCTGCAACGTGATATAATGCTTTCACCGACAAGAATTACAAGTTACAAGGGCACGCTCTTATATCGATCATAGAAGTACATTAAGCTCAGTGAAATCAAGGCTGCGACTATGTGTCGGGTTCTTCCTCTTAACTCGTTTACCTTGGATCGTTTTCACAAAGTAACAGAAGGAAAAGAAATACTGAGAGTTAGACATAGCAGACATTAACCCGTTGGTAGGGACCCAAACCCGGAGACGCTATATAACCCGTGGACAACCTCTAATATCGGCTGTCTCGCGCTCTCTGCAGCTATCAGAAACCGATTTAGGTAACTCTATCACGCTGCCCAAAAAATGAATAGACGACGATTAACTCTGGAGAGGACCCCACCCCCTTCCATTCTCGCCAGTTCTGTAAGACGCTTGGTTGAAGCTTGAATAGTCCGCACTCGAAGCCAGCTGAATTTGGGGGTATTGGTAAACAAGTCATG
NG1_9_P1	1637	AAGGGGGAAGGGGGACTGGCGCGCGGCAAACCGGGGCGGCGACGAGGCCATTGACGCTCATTTCCTTCCTTTTGCCTCGGCGCCCCACCCAACCCATACACCCCCCCTCAGCGACCGCGGCTTCCGTTCTTGCAAAGGCCTATTCCAGGAGGTACCCATACCACAGCCAGTCCAGCACAACGAAACGGAGAGACCAAAGGGATGAGGAAAAGTGAGATAAATTCAGTCGACGGTTATTGAAAGAGAAAATCGAACGACAGATCCACATGATGGCTAACACTTATCCAACTCAGAAAGTGAGTGTAAAGAGGGCAACGGCGAAGGGTTAGAATGAACAACATGCCAGAAAGATTAAGAATGCGTAGAACTTGAATCGAGCGTATCTAAAGTAGAATACTTCGAAACTAGCGACTTAGGTGTTTGAGTACGCGAGTCTACAATAGAAGCAGCATGCGTTCCTGTTGGTAAGGGAGCTGGATGCTGATTCTGATGACTTTCGACTCCCCGGGTCGAGTTGTTTAAGGGAACTCGAGTACCCAGATAAGGCCAGAATGTTTAACTCTGAAGCTCTCGTCTGCTAAATAGCAATTGCGTCGCACAGTTTCGCAAATAACATATAAATCGACGGCTGGATCTCGTAGCACCAAGGTGCGATATCATCAATGCTAACCTTAATTAGCTAAGAAAGAAGTGCAACAATCTCAGAGCTTTCTTTTTAGACACCCGAACCCGAACGTTTGTTTACCCTCAGCCTCGTGCCAGGCCTGCTCATCAATACTCCTAGATTCAGACAGGAATACAACGGTGGACCGAATATCGGTTAGGCTTGTCTGATTGTTTCTTTAGACCACTAATGGTAAGAGTCCAAAAATATAAAAATAATTTCCTGTTCGGAGTGAAAAGTAAATAGAGAAAGCTATGGAATGAAGAATTGAGTGAAACAGTCGAAACTGAGAAGGAACGGGATGAAGAAGAGTGAGCAATGATGAAGCAACTGGGGACAACGAGGAATGGTTTAGTACATCTGCCCCCTCGTGAAGCCGGGACGTCACAGGAGAAGATGTTCGTGCATAAGAAGGAATATTACAATATAATGGTAGGCGGGCTAGAAGTAATAACAAATTGTGGCTAAACCTCGGGCTAACCGGAACTTCCTACGTAAAAGGAAAAGTGAACAAGGAAAAATTAATGCAAATAAATTACGGACTTGGCGCAGTAAAAAAACAGGATATCAATCCAAAGAAATCGAACCTGTCGATCGACCAGAGGGATTTGTGCCATAAGAAATAGTAGCGAGAAAAAGTACAACGGAGAAAGAGAAAGGCAAACTACCGCAGTGACCGCGAAGCAGACTAAGGCGGGGATTAACTAGCTCTGAAGATCACCATGGGCTATAGCCTCAGAAATCGGGAAACGGGGAAGAAAAGAAGAATTAGCAAGACTACCCCCAGACCAGACCGGTAATTCGGCTTCGTGGCTTTGACCGCGACATCGGTACAGGAAGGCCAGGGGGGGTGATGGGTGGGGGGGAGCGTGCACGAGCGGAAGGAAATATCTTATTAGCCACTAACGGTTGGTTATTGCTATGCCCCTTTCCGAGAAATGTTCGCGAAGTTGAGTAGCTTAGCTGGTCCAGT
NG1_9_P2	4577	GTCGCGGTACGAATGCGCGAACCCAGAAGAACAAGGCGTGGGACCGGGGGTGGATCACGGGGTGCAATCCCCCGGCTCGGCTCGAGGCTGTTCCCGACCGGTGACAACAGCGGGAGGCCGGCGGATGGTGGAGGGAGTTTTCCCGAGCTGGCCAAGTCTCCCCCTTCTGGTGAGGGCGGACAAGGAGGCGCATGACGTCATAGGCCCTCTTGGTGCTATGAGTGGAGAATGCAATCATGCGTAGGCACGCGGAGCGCACCACTCATTTTTCGGCCCAACCAGGGCTCATGAAGTTGTACTTTTGTGATCGGGGTACGCCAAGCCGGCTATCACCCAGCGCTTACTTCCTCACGCGTCCGCCCTCTGCAAGGTAGACTAGATAGTTATGTGAGCAAAGCGTAGCTTGCTCTCCTAGACCCGCTCAAACCGACGGTACTATAAACGCACGTCTATCGTCAAACGGAAGGTCGGCATAGAAACGTGGCATATGGGGAAGCTACTACCAACCAGGGGGTCGAGGCGCGTGCGTTCGGAACCTTCGCCGAACACCTTGCTCCCAGGCGGCACTCCTGGCCCATAAGAGGGCAGCAGGGATGGCACGCTAGAGGCTGGGGTCTATGCTCTCAGCCGTTCGGAGGTACGGTCCTAGCCCCCTTGAAGTATACCTCCGGGGCGTGCCAACCAGTACCAACGTCATGACCCTTAATTCCGTCGGAATCGACACGCACATTGCCCTAAACCAACTACGTCTATCCACGCAGGCGCTACCCTTGTGTGAGTTCGGCGCGGGAGCAGCCCGCTATTCGTCCGGGAAATAGTAGAAGACAGGCAAGTCACTCCTAAACGGGAATGCGAAACCGCTCATATATGGTGACATTCTTAGGTGGCTTGCTCCAATAGCGCAAAAGTACCGTGAAGGAAGACCAGCAACTGATGTCACATGCCCTCGGCAGACCGGACTGAGAGGCTGCATAAGGAAGGACAAGCCGCGCTTGTACCTCATGGCTCCTCGGAGGGAACGTGACACCCCAAATTCTATGCTAAATCACCGAACGTCGTTACCGGTTTAAGATGCGATCATAACCCCAACAGAGGGGGAACATCGGGCTAGTACTAGTGTGAACCTTCAGGTACCAGACGGACTAGAGAAATGTAGGGTGACCAGTCCCTCCTCTTAACATCGCACAGTGTCGTTGGACGGTCACGTAGGAAGGCTGCGTGTAACCGAAGCGAGAGCCAAACGCCAGCGCTTGCCGCGAGGGTACCCCGGAAACGGCAGGCTCCGCCCGACCCTAAAACGGTGGTGACCGAGGAGGAAAATGGCTAACTAGCGGTCGTGCCAACGTGTTGCGGCTGCGGCTTTAGATCTACGGGCGCCAAGCGCTTGACGGGAGGATCAACGGCACGACGGTCTTTTGCCCTCAAGTTTTAGGGGTACAGTAAGCCCGCTCTAAACACTGTTGTGCGGACACCCGACCAGCACGGGATACCGTTACCCAGGCTGGCCAACACGGTCGAACTGCAGATTGCTGCGGTAAAGGTCGGCGCCGGCAACTTACTGAAGCTCTTGCCGCGGTTTATAAGGTCTCCTCCTGGCAGGCCGAGCGCCATGGCGCTACGAGGAGGTCCGGCATCATGATGCCCTATCTAGTTCGACGTAGCACCAGACGGGACGGGGCGTTCCACGCAGTTTTGACGACCGCTCGGGCAGAAAACACGGCGATGGCGGGAGTACGGTGCTGATCACTCACCGTGCCCGCGGTAATGTCACGGCGAGCCGCTGCCGGAATGCCCCTCCTAACGCCCTCTTGCGGCCGTCCGCGGCATCCGTCCTCTGTGGGTAATTGACACCGTTGGCCAACTCCTCTCCTTGTCGGCACCAACCAGGACATCAACACTTGGGTTTGCGCAGATGGGCGCAACCCCGTGCCGCAGCCAAGGCGCCTGTGGTTTACGGATGAACCCACGGCTCGATGTGTTACTTGCCTGGACCGTGGTAGCGGTGCCTGAGCGGTCGGCTCCTGCGACAACCTATTGTCGCCATTCCTTGGTCCCTCGACTCCACAACTTGTGTTGCGGAGGCGTGGCGCTAGATTAGGTGACATGGCCCCAGCGCGATTGAGGACGGCGGCGTCGTACTGGGGTAGAGTGACGCAAAGCCCCGGGATCTATCCTAAGCTACTATACCTTCGAAGCGCCGCCATCGCCGGCGTGTGTCCGTGCGCTTGGGCCCCTCCCGAAATGGCGGGCGCGCCGATACTGGGTACCGTGGGCCAATTCAATCGGACGTGGGGCGCGGCTCATGGTCTCCACCTAGGCCCGAGCCATGCCGCCACCCGGAGCTGAGTCCTTCTGTCTATCAGTACGGGGAGGAAGTGACTGGACGAGCCGGTGGGGGGGGTTTGCTTCGGAGCCCTTGAGCGGGACGCCGGTACAGGGCCCAGAGAACGCCGTACCGTTGGGACGGGGCTCGTTAAGCGCCCACACCAGCCTTGGTGTTACAGGCCTTGACCCATACGTCGCGCGTGCAAAGTTCCCTCGCGCCGCTTGCTCCACGGACCCAGGGACAGATGCTTGCGTTTCCTGATGGCATAGACTCTACCTTATCGTCCGGCATCGCGCGTGGGGCCCACTATAGTCAGACCGCCGGGCTGCGCGCCCGCTATTCAGGACGACGGCCCGTGAAACTGCGAAGGCCTGGGACTGTTCTCTCCCTGCAATGTCCGCGCCGTGACAAAGAGATCACATCACGCTCAGCACGGCGTCTCTCGTAAGACGCCGGGCATAACCCCGGGAGTGCCCTGGCCAGCTGTGGAGGGTAGGGACCTTGAGGAGGACCCTCTTCGATGGTAAGGCCTGACCAGGGCGGGAGCCCGCAACCGGGGACCCCTGGGCCTCGCGGAGAGCGTGAGGGCCAGCAAGCCAGGGGGCCGCTCCCGTACCCGCATTCAGATAGGCGCCGCTCGTAGCCCTAGGCGAGAGGCCGGGGAACAGAAGCCATGGATGAACGTAGCAGGAGCCCCCGAGCGGGCTCATCCCGGGAGTGGAGTGCACAGGAATGTCCCGAACGCTGCGCGGGGGGAACTAAAGTGCATGTGCCGAACTAACCTCGATAGGGCACCCCATCCGTCGTCACGAAATACTCCCCGTCGTTAGGTCTCGGCTGTTCGCCCCCCCGGGCGGCGCCTTTATCCGTCCCCGAACACACGACCATCGAATGCACAGTTCGACCTGCGCGTTAGGCTTCGTCGAATCAACAGAGGATCCCTGGTCGGCCATGCGTACTATAGACGAGCGGAGCTTCTTCGGGACGAAGTCCGTCGCCAACGATGGACGCGCACCCGTGACGGGGGTACCTCCCAGACCAATGAAGCCCCGAGACACGCGGGCAGCCGAATCGCGGGCTCCTTAAAGGCCACGAGCCCTCCCGGCGGTCCCACACGGACCCAAGAGGCCGCCGCCCCGCCTCAACCTAGAGCCACAACCGCCGACCAGATAGACCGCAGGGTCCGGGGGTGGACATCTGAAAAAGGCGAGCCGGCGGCGCAGAGGAATCCCCTGGCGCTGCGTCTGGCGCATGCCCGGCGGGTCCCTGCTGTCCCGAGCGAGCGTTAGCAATTGAGCACTAGGGCCACACAGCAGGCGACAGCACATCGGTAGGGCTCTGGCCCTCGCATTGTGCACACCGTGAGATCACAGTACGCCCGCAATCCCGCTGCTTGGTTATTTCGGCAGGTCCCCTCGAAACATCCACTCGAGCAACCCCAAGTGAGGGACGACCTCCCACTGGAGGCGTCCGCCGGACCGGACGCGCAAGCCGAACCGGGTGGGCCGTGGGCTCCCATTTCCCTTCACGCCACAGCCCAGCCATGAACCACCGCCCGTTACGCAGAGGGGAGACAGAAACAGCCGTCAGCTCCGCACGCTATAGGACTTTCGGGTGGGTGGGACACCGGAGCGGCTGCGAGCGGACTACGAGCGGTTCAGACCCTCCGCACCACGTGCTAGAGGCGGGCCTAGGGCTCTGGTGGGCGCAGACAGAATCTTCAGAACGGGGACCCGCTGGGGACGCCGCATCCCTGTCGCCGGGCGCCTGTGACGGTGGCAGTGTGTGCGGTTCGGGCGGGGCAGCGATACGTTCGCCCTCTCACGTACTGTGACGGCGAGGCGCCACCCTTTGCGACACCCGCGTATCAGGCTAACCTATCGTGCCGGTCCCTAGCCCCCGGCGAACCACGAATCATGGGGCCGGCATCGGTATTCGACCACCACGGTCGCCAGGGAGACGCGTAAGAACCGCGCCTGGTGGCGGTTGCGGCGTCCCTGTCGGGTTGGTCGTCCGCTCCCCGGTGTCGTTGGGCCAGGGACAGCGCTCGCGAAACACCGCGATCCGGGCTGCACAGACTGGGCGGGAATTGGCGGAGCGACCAGGCCCAGCCGCTGCACCCCCCCTGTGGCCTGGGCTAGCCTGGGCCGCTGGGTCACACAAGGCACCATCCCCCCCGCAACTGGGCTGCCAGTCATAGGTGACCATACTCGCTCGCCGATACGATCCTGAGCATGGTGGTACCCCGGGG
FG1_1_P1	1453	GCCCGGCTGTGGGCACCCCCTCGCCCTGGCGGCGCCTTCGTTTCTCGGCGCTTCCCGCTCCCCGGTCCCCGTTCGTCGGCCTAGGCGCCAAAGCGCACCACCGATGTCCCCCGGCGGCACGCGAAGCCAGTGGGGCACCGCGGGGCTGGGCCTCGAGCGCGCGCGCCTGTTATGGTATTTGAACAAGTTAATACGCAACTGTAAGCGAACCTTTATCTCTTATAATTCAGCTCCATCCACCTCAGAACAAGTCCCGCAATGCGTCTTTGAGACGTACATCCTGATCAGATTCGAGTTACACGAGATCTATCAAAACAGACTCATCAGTCATCAAAAACACGCGGTCCTGTTACGCGTTTACGTTATAAGGACTAGATCCCGTGTACTTACACTAGGCAGGAACAGAAGATGCTACTTATACTCCGGTAAGTACCCGCTATAGTATCGAAAGTTGTCCTTAGTAAGACAACCCAACTTTTGAAAGTGGATGTTAGCAGGCCATACCGCATATTTTTGCCGGCTACTCTGTTTCCACAGACTAACCGGGCCCGCCAGCAGTGTGAAGGAAAGAGGTAGGCACGCACTGTGCCCGATCGCAGTGCTTACGGAATGATCACGGACATAACAGTAGCGTGAGTTTGTAGTGGTTAATGCCGTCAGAAAAAATTAAATAATCTGGCGTAGCGGATGTGACAAATTAGGAAGTGCCTGGAAAGCCGGGGAGATTTAATAAGGTCTAGAGCGGCTCTATAGAGACGTCAGCAACAGTCATGCCCTACTGTGCTGCGACCCAGTGTCGTCTTACGAACCGCCACTTAACGCTGGAATCGCGACCGACGCATTCAAAGCTATGCGATACCCATCTCCTAAAATTTTGAGTAGTGATGTTCATTATTCTGGCTTAAAGATTAAAGGCACGTGGACGTACGTATATTATGGGGAAATGAAACAAAAGCTCGGCGAATTGATACAAATGATTAATGGTCCGGTCATATTTAGTGAACTGTTTGTTAGAAGACAAAGAAAGGAGTAGGGTACAAGTAGCTACAAGGGCGGAGAAAAAACCTTACAATATCACATGTTACACCTAGCAACCAAAAGGGCTTTTGTTCACGGTTTGGAGTCAAACTTGTAATAAAACTTTCCGTGTGAATCCGAATGGAACTCGGATCGAAAGATAAAATAATGTGGATTTACAGGGCGGAGATAATTTTGTTTGTTTTTGTTTTGCGGGCATCAACTGGCATTCGACCTACGAGCATCCTTTAGTTATATATCTCTCCATCCTGTTAAAAGAAATCGCACGATAGAAAATCCTAAGCTAAACTAGTGCTAATTACTACTTTAGCCTCGCTTTAAACTGCGAGTTATGTCGTGTTTTATACCTTTGGAGCCCGCGATTCCGAGATCATTTGGACTGCTTGTGCAATGGTTCTAATTTTGTGCTGCGTAT
FG1_1_P2	897	AGCTTGTCCCTCCGGCGGCTCTCCCGTTGGCCTCATGTGGCCGCCAACGCCTCCCGTACCGCGACGCTTACCGGTCCCCTTCGGGCTCAACGGGTCATAGAAAAGAGTGCACAAAACGATGACACACCACGTGTTTATTGGCTGGTATGGCACATGCGGAGCTTACTGCGGGTGCTAAGTAAAGTCCCGACATTATGGTATACCGAGATTAACTTCTTACTCAGTGAGTTATTCATCTCCGAAGCACAGCTGCCTTTCTGGCGATAGTGGGACGGATCCCCCATGGAGCAGAGCAGGATAAGGCTGTCAAAAGTGTTCCCGTAGTCGTCAGTCAATATTATCAAGAGAAACCGACATAACCCAAATAGAGCTGCTTAAAAAATTCTGCTAGAGTCCCGAGGAGATATACGTTTATAAGGGTAAATAAGAAGTATTAAGAAGAGTTCCTCCCACTACTTTTCCTCCAGAGATAAAACTGACTGCAAAGGGTTGCGTCGGGTGTCTTGAGCTAGCCCGGCCTGCGTATGCAATCCCTGCACCGCTCACACCCTTTCATAACGAACCATCAGCGCTAGAGCAATGACACGGTGCCTAAGAGTGGTCTAGATACGTAGGAAGAAGGAAGATAACTGTTCAGTACACGGCGTATAAGGTCGTCATTACCATGCTGTTTTGTGATAACTAAAAAAAACTAAGGTAAATGCGAGCCCGATTGCATCGAACTTGTCGATGAACACTCGAACGCAGTTGAAACTTACTAAGCAAATCTGAAAGATGGAAATGCGTTAAGAAACCACAGATGAAGAGATAGCACAAATAGTTACATTAATGTTCGGATCATGCTGTTATTAGTTTACGCCGGTCTGAGTCTTCCGGCGTGCTCTCAAACAGATGCCG
FG1_10_P1	1104	ACCGCGCCTTCTCTGCCCCGTGCGGGGGCTCTGGTGCTGGCCCCGGGCCCACGTCCAGGGGCCTGGCGGTCTGGCTCCGTCAGGCTGACCCTTGTCTCTTGTCGCGCTGCACGCGGTCTCGCCCGGCGCGGTTGTCAGCGGCGGCCGCTGCATCCTGAACTCCCGCGGTTTCGGGACCGTCCAAAGGGCTCGGTACGCATCCTGGCCTTCGTTTTGTGAGTAAGAAATCTCGTTCCACTGGGTACTGCTCCTCGTCTTCCCTCTCCTAACTACGGCGAGAAATCCTCACCACTACCATACTCACGACTTTGATGGCGTCCGAGCCCCTAAACGTTCACTCGCATGACGTGCTAGTCCCGATGGTTTAGGAGACAAATGGGCTCGCCTCCGCCCCGCACGACCTAGGTAAGCGATATGGAGCCTCGGGGTGGCTGCAAAGGTACCATCGACTCACGAAGCGATGACGCCAGGACATGATCACCGACAATCGGGTACTACGGCTGGAGAGGTTATTGTCATCTAATTCTAGTTTGGTCTTGAACCGAAGATCCCTTATGGCCTCTTTCGACGGAACCAATAAGACTACGAGGGCTGGAAAAATATCGTTAAGTGACGAATACCCGGCTGCTTCGTCGTTCACAACTTCTGCCGACCGCTACCCACTCACTGTCGTGACAGAGACGCCTCTACAACGTCACGCTGTAGACCTCACAAGGGCTACGGATAGGATAATACCGGGGCATTCGTATTTGATTACCAGGCCACGCCTTTCCTCCAAGTCTTCCGAGAGTCAGGCTACCCGAACGATACTTACTTAGATAACCTAGTCCCGGCCACGACAAAGACGACCGAACTTCTGTTAAGACCTTAAAGGAACTACAAACGACCCCCTAAGGATCCGCGGACAAGCCGGCGCCTCAATTTTCTTCCCCGGTGGCCCGAGTTTTCTTATTATGCCTTATATTATTTTTGTCCGTTGTGGTCTCTGTATGGTTACTGTTAATATCTCTGGTATTTTGGTTCGTTTGTTTATTCTGTAAAGTTCCCTATTTTTGTTACTAATGATTACTGACGGCTTGTATTTATTATATGTCCTTAAAAGCT
FG1_10_P2	1121	ATGGATGGGTGTGGGAATGGCATCCGGCCAACTGTAGTCGGGTTCTCTTGACTCGGAGGAAATGCTTAGCCTGTGTGACGAGGTTTGCGCCCGAGCGCGATCTCCGTACGGAGATGGTAGTCGCGACATAGGCCATGTGCGAGCCGTAGGCTCGGGCCAATCACAGCACCCTCATCGATACTCCGTTGTACTTAGATCGTACCTACAGCGAGCCGATCGAGATTTGGTGTACAGTTTGTGGAACAAGCAGTTTCCAATCTACCGCACAGTGACGATGCGCCAGATTATCTCATCAGCAGCGGATCGATAGATAACCACACATTGATGCTCGTAAGTTGTCCCCCCAGGCGGCTGCGCCTGCTAGGTCACCCAACCCTGGTACCAACCACAGGACGAAAGAATGGATTCGCTAAAATGGAGCGGAGGTGTGGGCAAAAGCGCACGAGCGTGTCCTCTCAACTGTCCACCTCCACTTGTGGAGTTGCCTGGCCGGGGTTTCTACATTCTAGACCAGGCCGGTCTAGAACGATATGGCAAGGCGCCGGAGCTGTCGTCGCGCATATTCCGCCTCTACTGGAAGGCCAGCGCCGGACGCGCCCCTGAAATCCACGCTTGATCGTAGGCATGCCGCCAGGTACAAGGCTCTTTGTGCGGCAAGAGTCCTCGGTGGCACTGGAGGGTGTCTTTGGATAGCACGCTGTCCCGGGAGTTCCTATGGATATCGGAGCCGCCAGATAACTCAAATTGCGAGAAGATTGGGGCTGGATCGTTGCCCCGTGAGCGGGGTAACCTTCCCGACTGGCCCACCAAGGAACCATTTGTTTTGCGCTTGACACATCCCGACTTCTTGCGCATTTCGGCCGTGAGGGGGCACCAGGGTGCCTATTTACCTGGGGCTTCCGCCAGCCTAGCGTCCCGGAGTAGTACCTGAGCTGTTCGCGTGAGCTAACTACCCCCGATGGTCAGCGAACGACATGTTCGGCGGGAGGTCCTAGCTCTGCGCCCGAGACGACGGTCGCGAGTGCGTCAGTCGGTCTATACACTCTCACTCCACCGGGAGCAAATGAGGGGTGACAAAGTCAAAGGCCGAGCCCCATGGAGCGCATAATATCTAGCGCGCC
FG1_11_P1	881	GGATTGGCCCCTCCGCAACGATTGGGCACCGCCCCCCCTCTACGCTCTCGGTCTCGAATGTTCTTGGTCTTTCTTATGGCGGACAGCTCCTGGGTAACGCAGCCTTACTACCCGGCGAATAGTAGTGGATGTCAGAGTGGTTCATCTCAAGTGGAGCGGCATGGCACCATTAGGCGGGGCGGCGCGCAAGAGACGCCAGCGTGTAAGTGAACCACTCACGCGCCAGCCCAGTGCGCATCGAACGGGCACACAGTCCGTGGCGGGCTCCCTCGAAAACGACCGCGATCGGATACATTGGAGCGCTCGAGTACGGCGCCGGCTGCCCGGCGGCGCCCATGGAACAGTCCCAGACCGAATAGGCTAGGGAAACGAGGTCATAGGATGGGTTGGATAGAGTATTTGCTCGCACCGTTGAGGGATTCGGGCAATTACGCTGGCGAAAGGCGTTGTGAGGGCTCCCGATGCCACTAGTAGTGAACTTGGTCGCAGGGGAGTAACGCTGAGTCCGCAGATCCGTCCTAGGACTCGCAAGCGGGCACCTAATGCCGTACACTAAGGCAAACCCACTCAAAACGAACTGCTAGATTGGGCGTTGGCACAACACGAGCGTCACGCCTAGGGCCACGCAAGAACCGGCCTGGCTAGTCCCAACGCCTGCGGCGCGAGCGGAATGGCAGGCAAACTAGGCGCTGCGGCGGGGGGTGTACACCAGGAACATGCACCCAACCGACGGGACGGGGCGGGGAGGGAAAGCGCACCGAAATCCGGGGGGGCCTTCGTACCTGCGCCGAAGTAAGCAAGGGGGACCGATGCTCTCCAGCCGCACCCCGGCTCGGCGCCCCCGTCTGCGGACGGCACCGCCTTTGGTCCCTCATGCTGTC
FG1_11_P2	1092	GGGCGGGGAGGGTTTGCAGGTCGACCTGCGGAGTCCGGCTCTACCCCGCGCTTCAGGCAGGCTCGGCGGCCCCACTTCGGCCCGCGGCTCCACCCCCGGCTCCGCTCCGGCCCAACTGAAACGCTCCACATTAGACTGAAAGATGAGAACTGGCGGATACGGGATAAACAGGTCCCGGATGTTTTACCTTGTTGTCAGGGAGAAGAGAACTAGGTCTAAATGTAGGGCAAGAGGTGTGAGCCTTCGCAGGGATGTAATTAAGAAACTCGGGGTTAGTTCGCGCGGTTACTCCTGTCTGACGTGAAGCGAGCGAAGTCGACAAGCACTGCGAAGGCACTTCTATGGCTGGGGGCAAATTCCGGGCCTCTGGCAGGGGCTTCAGGATTATCGCACCATGTAAACCCCGACGCCGTACCACGGCCCGGGACCCTTGCGGAACCCTTCGGCCGGTACGGAGACACTCTTCGACACATGACTGGCCCGGGCGTCGCGAATATTCGAGTGATATGCTCTTCCCATCCTGGAGACGAGTGGTGGCGGGCCCCTATAGCAGAGCACTATCTGGAGCCGCCGAGGAATGAAACAGAGCTAGGATTCAACACTAGTCCGACCTCCCACCTCGTTTACGCTAATCAGGTCGTCGCCGCCGAGCGCGGGCACCTAGTCGGGTTCCGGGGGCACCGAAAATACTGGAATCATAATCCGGGCAGGAAAGGTCCTGGTGATTGCAGCATGCCTCGGCCGGCTTAAACTCGGCCCATCCGCAGGACTCTGCACATAGCCCCATCTCGCTCGAGCAACCTAGCCACATCGCCCGCCCCCTGGGGCCTCGAGTCGACCGTGCTCCGGCTCCTCCTCCGTCCGCCAACCACAGTAGTATCGTGCCTCAGGACCTACCCCGCGCGCGTTCACACCAACGACCGCAGCTCTGGACCCCACGCCCCTGTTGCGGGTGCCTTGGCTGCGCATACCGCCCCCCGCTCAGCTTCGGCCATAGACGGCACTCCGACCCCCGCCACTCTACAGGGTTGCCGGCCCAAGGTCCGCTAGCAGCCGGCGCAGATCGGCATGTGGAAGGGGCCGTCCCCCTTG
FG1_12_P1	510	AGGCAGTGGGAGTCCCGCCAGGGAGGCAGGTGACCAATGCTCTTCCGAGCTCCTGGGACCAACCACTGAGACGTCGTTGCGCTCACCGGACCCGATGCTACAAACCCGAGGTGCAGCGTTGACAGCTCGTGGATAGCCGGGCTGGAGTTGGATTGCATCGGGCGTTATTTTCAAGGGGAGTTCGGTGCAGGAAACTGGGATCGGCAGGTGAGAGGTACAAGAGTTGGAGGACCGTACGGTCTCCCCAGCCTACGGTCCGTCACACGATTACACCTTCTCGCGACGCGTGGACCCATGAATATACCCTCACCCCTCGTGAACCACTATTCTGGGGCAAACGACCGCCCGGGAGCAGGCGTTCATCGGACGGGCTCACCGCTGGGAGCAAAGGTCGTTACGGAAGAATATGGATGTAGGGTACCAATACTAAGGGTAGGACTGGCGGGGCGTGTGGGGGCGAACGTACTAAGAAAGTTGTAACCCTCGAGGCGGCCTCCACTCAAATCGACC
FG1_12_P2	814	GGAAATATTTTGCGTCTCACACGATCGCGAGGGAGTTACGGGTAACACCTAGCGGGCCCGTCGTCCGACGCCAGGCGCCCAGGCCATCGGCCCCCACCGCAAAGGCTGTTAATCTGCACGTATACCCGACTGGCGCAGTTTTGAGACCTGGACCTTGATCCTTTTATCTCTGTCCTGCTTCTTGTTCTTGTCGGGGCCGTTTTAGTCACGCTTTTGGTTATACACGGCCATACTTATCTTGCGCGCTAGCAGACATATTGAAGAAGCATGTGTCGCTGTGATCGGTGTAAGCGCGGATAAAGCCGTGCGATCTTCCAGCAGGTGAAGGTCGAGGAAGCAGGACGCGCCCAGGAGCTGTCCGTGTGAGTGTAAGAGGTACCCGATTGCGAGAGCGGATCACACCCTACCGTTGCCCGATGGAACGCTGGCGCGGTCTACCGCTCGCTGAACGGCTCCGTGAACGGTACTTCCGTCCCCTTAATGTATGGGCCCACGCTGTCTTAGAGCGCGCTAAGGTGATTTGTCGAGGTGGAGGAGACGGGCGACTGCGGGAAGAGAAGTCCCTGAGCCATGTACCTTGCGGTGAGGAAGGCGCGAGGGGGACGGGCGGTTCTTCCGTACTGTGGAGGGGCCGCGCCCAATAATGGTCGTGTCTGAATGTTTACTGCGCCTCCGTAACGCGGCCGCCTCTTGACACCGCGGCTCCCTACCCGCCTCGGGCGAGTGAGCAGGTTTCAGAGAGAGTCTAACAAGAGGGTTCTCTTATCTCGCCGCAGCTCGTACAACATCCCCAGGTAACTATGTGCATCATTCT
FG1_2_P1	870	CTTACAGTCCCCGGCCGGCGCCGCGGGCACCGGGCAGTGGCAGGCGGCGAGGAGGCGGCGAAGGGACGGGGGCCACAGTGCTGCCCAGGCGAACCCCGCCGGCCTGACTCCTAGTAGCTGGGAGTACGGTCGACAGCGAGTAGGTAAGCGGGGCTGGACTTACGTATATAGTGGTTTGATATGTATCGGTTACCTACGCAACGCTGCTAGTGTCTTGTGGGTGTGATCCTAGGAGGTCGTTATTGGGAGTGATGATCTGAGGCTCGGGGTGCTGATCGCGCCTTGATACCTCTCCACGCTCGCCACCGAGCGAAAGGAACTCACGTGACCGTGTTGCGAGTCGCAACCGCGACCAGGCCAAACGCTAGCGATTATCGGTTGCGATCCACCGACCCGTAAGCGGGGGGTTCGACGCGGTCCCCGGCCAATGCCGTGCACCGCCCATGTATTCGTGGAGCGCTGTTGGATGCCGGGGGGTCAATGGGCCCAGCGCTACCCGTAGTGTTGTGGTCCGCAGGCACCAACTTCACGTAAGAACCCTTAATTGTCCTTTGGCCCGTCCCAGGCCAGCGCAGCGCCGTGACTTTCAATGTGTGGACCCGTTTTCACCCGGGTACCGTTTCCCAGACGCCCCGCAATTACGGCGTCCATATCGGATGGGTCTATCTAGTGTGTTCCGCGCCGAGCACGGGGCGGCAAGTCCGGACCGTCGCGGATGACGCGATTGTGGGCAACTACGGCTAGCGTGAGGTGGACCTAAGTGACCCGCGCGCAAAGAAGGGTTAGGCTAAGTCAACTCCGCGCTCCCCGCACTCGTTATTGGCAGCGCGTCTTCAATTACGGGCCGGGGGAGTAATTGTATATGCATAC
FG1_2_P2	886	ACGTAAGGGCTATAGACTTCGACGATTCGGACAGCTCCGTGTGTGAGCAAGGTAGAATAGAGAGGGTATAGTGTAAAAAGGCTAAATGTGGAGCTAGAGACTCGAAAGGGGCCGGTTAATGTGGCAATCAGTGGCAGTTAATAGCCCACGGAAAGGTCGCTAACCGGGTTCGGTAACGATTCCGAGACGCCCGGGGTGCGCGGAGCAGCGTCCGTCCGTGGACCCATCCGCGCATTCGAGGATTACAGGTCCGGCGCCTAAATGGTGCGAAGTCCCGCTCTTTGCGTAATGAGCCAATGTCCATCACTATCTTTCGGGCACACTCTACGTTGCAATAGGGATATCATATCGAGGAGGGGAGAGGATTATCGATAAAGGATTAGCGGTAGCCTCTCTGTTTTTATCCCGTTCGAATCCATTCATTTTGGCGTATTATCTACAGCGTATTCGGTCACTCCCCCCTTAGCGTAGAACGTGTGCCCCAACTGTAACCCTTAACGATATCATAACTCGACGTGGTAGGGCGCTCGCGCTAACAGCCTACAGTTGCTACGTGGGGATATACCAATCGTCCCGAGTGTCCTTGAGTGTTATCCTGGGGCTGTCGATTTCTACTGGCTGAATAATTGAGGAGACTCCCCATACCTGAATGTATCAAGAACTAGATTTTGTCTCAAGTCCTTCACAGCTTAATTTCCCGAAAGAATCTTCTACAACTTATTGTGTGTACAAATGCGCTGCTTTTATGCGTACAAGTACTCTGTGAACATATGACGTTTTAAAATCTTTTACGACGGCTGCCCTTTGCTTATAATATGTAAGTCTAGACGCTCTGATCATAAATGCACTATGGTTCTGAGTTTGCCGACGGTGCGAATAACAGCCT
FG1_3_P1	2530	TGCGAGTTTAGGTGCGTGACTAAGTTTCCTATACGTGTCCGATTGACATTCTATTTTATTTATTAGACTGGTGATATAGTCGACAGTAGTAGATTGAGTGGACGAATAAACTACCAAACTAAAAATCGCTAACCCAGCCATGAAAGAGCTAGACAGAACTGCCCGCGTTGTACCTGCGCTCTCCTCTCCGCGATTATTCATCCATGTTGCACCATGGAACGATGCGCATCTAAACGATGGCTTATAAATGTAGTAGTCACCACAGAAATATGTCGTGATCTCGTCCCAAAAACGTCATGGCCTTTGATCGCAACAGCCGAGTCTATCAGTAACTTTATATCGGTATAGGGGCTACGGAGATACGGCTTAGCACGTCCTACACCTCCTAGAGTTTGTCTCGAAATCCTAAGCGTAGTCATAGATAATGAGAATTTGGAATAAGCACCCAAGCCTAACTATATAGAACTGGTAGTAACGGATGTACACGTAGGACGAGTTAAAAATGTAATCTGATTAAATTTGGTCGGTGCTAAGACGGAAAAATCTCTATATCAAGCGCATCGAAGCTCCGGGTACCAGTAAGTGAGTAGAAACAGCCAGGTAAACATATAGAACGTAATGAGCAGGCCTATAGTTCTACCTCTTTGAGACTAATGAAGAGCAAGAAAATTAGATATCATGAGTGTTCATTGATTTTTACTGGGTAATATTGTTAACATATAGCACATAGTTTCTTCCAATCGAGGCACAGCCTTCCTCTGTCTTTATAGAGAACTATCATAGGCTTCGAAGAAGTAAATTCGAATTAATGTGACCGGTTGATTGTTCGCATTACTTATGTGGGAGGTAAGGAGCTTACAGATTAGCAATTAACTACCGCCTGACAGTATGCTAGTATATAAGTGAATAAGTGACTGCATAAGAAGAGATATAAAAAAGGGTTCGCCCTCATAGACTATGAAGCTCGCATTAATGTCATCCGAAAAAACGGATTGTCCGAAATACTATATTCCTGCATCAAAATAAGATACGGGAGTATACAGTGTCATGTCCGCATTAACTGGAACTCCTAATGTAATAATGAAAGTACAGTGATATTTAAGTTTAGTGATGATCCTTAGTGGAACATACCATATAATATGACATCTTAAATCGTTATCCTCCACTAGCGCACTACCTATTTGAGTACAAAATTAAATGTAAACGGTGTTGTGTCTTACCACTACCAGCATAAGGGCCCCAAATCGATGTAAGGTGATCCACGGCAAATTTCACCCGCTCGCATTGAGGAAAATTCTCGAGAAGGCAGCTATAGAAAGGCCGTACTAATTGTATGATGGGCTGAAGGTACGGAGACGGCGTATGGTTTTGAAATCTGAGGAACTAGATATAGTGGGACGGTTGGCACATATATGGATGTGGTCCCATTATTCAATGTAAGATTGATGCGTCCTGTTTCAAAAGAAATAGAAACACAGACGGGGAAAGGAGTCAAAAGGAAAACAACCGATTGTGATGTATTAGGCCTTTCGGTCCATAAAAATACTATCGCAATTAATAGGACTGATCTAGAAGCTGAACAAGGATAATAAATTCAGAAACTATGTAAACGACAATCATTTGAATAGAATAACCACTATGAAACTTGGGCAAAAGACGAAACCGAAAGAGGGAAGTAGATTTAAGGGCCTGGACGGTTCTCTGGCGCGGCCAATTATCGCACCCCAGACTAGAGAGGCATCGTCATCATACTCTACCAATTCCTCGTCCTGGCTCCACTCGACCAGATCAGAGGCCTCGGTTCACATCCGCTCGGGATGGCGGCGCCACTTGCATCTCGACGTAACCTGAAATCCTCAGGATCCGGGACTTGGCGGGTTGACCAAGGGGCTCGATGATTGAGACAGGGTACTGCACCACGACCAGCCAACCCTCACGAACTGTCCATGCTGCGTATGAACGCTAGCGAAACACCAAACCAGCTCGTCATGGCTCAACGATTGAAGTAGAGGAGTGCAATTCGAGTCGTGGCGATGCCCAATCTCAATTATGCTGGCGGAGGGGACACTCACGTCCCGAGGAAGAGCCATCCGCGGCAAAGCGCCGACCAGCTCCACAACCGAAGCCGCGACGACGTGCCAGTAAATAGCACGTCGAGGAGCACGCAGCATGGGGAAGGCCAGGGTGAGCTCAGCGTCCGCCGCAATGGCTTCGGTGAGGTAGACCCGACACACCATCCACCATTGGCCTAAGCCGATGGGGACCTTCGACGTAGCGATCGCGCCGTACCTGGAGCTCGCTCTCTGGCAGGAGACGTGCCGAGGGGTAACTGGCGCTGAGCGAACCCCTCAATCATAGCAAGTGTCCCAGTTTTTTGATGTTGAGCTTTTTGGAGTAGTTGGGGGATGGAGGGAATATGTATAGTTATAATGTTTTGATGATGGAACTGTATGGAGATGTAGTGAATGCACCGCCGTGAAGATCCGGCTCGAGAAGCCCCTTTCGACGGGTCTTACTGACGCGCGGGTGT
FG1_3_P2	1556	AAGTCTACGACCGGGCCCGGTCCGTCCCAGGGCTGCGGCTTGCCCGCTGCCCCCGGGTCGCCTGGGCCCCCTGGTCTCCCGGCACCGCGCCTTCGGCCGGTCCCGCCCTGCCCCGGCGCCCCCCCATTGCCGTTGTCGCCCCTCTGCGCATCATAAAGATATCGTTTGACCGAATTGAGATATGTTGGGTGCTCGCTAAATTTGCGTCGAGTTCCCTTTTCCTGTGAGTTCCGCCAACTTAGTGTTGTGTGCTTTTTCGACTATAACCTGCTGAGATGCGGTATAAGAGCGGGTATAAGGGACGTTTGCTTTCCGGTCCTTCGAACTTTAGGACACATTCGCACGATATGTACACCACGGCACAAGAATAGGTGGTCGATCTATCCTTGTGCGTCAGTGACCCTTCATCCCTTGATGTCGCGCAGACCCGCCCAGGGTCCTCTGAACCAACCTGTTCATCACTCCTTTGCTACGGCGGAAAAAGGTTTGGTGTGCGCTTGTCGACCTCGGTTGAAGCACTAAGCGGTATACGCACTACGTCTAACTAAAATCCGTCACGGCCACGAAGATTGGCGCCGACTCGACCTATCTCGTCCGCCGGTCCCCACGCCTGTGTCCATCGGGACAAGTTGGGATACGGCGTCCTTGAGCATCGTTAAATAATCGCAGTACGTAGCTGATTAGGGAAAAGTACGTTAACCTACCAGGGGAGCGGGATGTAGATCCGTAGAATGCCGTCCCAAGCAGCAACAGCGGCGACGGTATCCCGACCACGCGGCCACCGCAGGGACGTGATCTCCTTCACGCTTTGTCTGCTGACCTGATGCTCATTATAGGGGAAGGGCGATATCCTATATCATATGGTAAGGGGAACTACCGGTGGTAGTAGTGATAGAGTGCGACATCAGTTCCTTTATATAAAGTCGAGAATGAAGAGCCTCCTGTCTACCCGTTCACCCCTTTTGCCGAGACCGTCCTACTAAGTGTTACCATTGCCAACCGGGTTCGAGGTAGGATGCCGAAACGTCACTCCGACCATAACGTCTGATAGAGACAAGAGGATATCAAGAATATGCCGGCTAGTGTATGCCAGACTTGGCTATGCCATGCAAATATACTAACACGGATACCAGGGTTTGAGCTATCTTACGAAATGGTGTATCCCGAACATGTGGGGCGTGGACGCCATGCGCTGAAAATTTACAATAGTCAAGGTGCATAGAGTAATATGAGCTCGTACAATACAGTAGGAGTTGAAAATCAAGTCATTATACATAAAGTATCAGAAGATAATCAGGCCTAAATAATCGCCCTTGTCGAAATTACATGATTATCTTCCTAAACTCAGGTTACAAGGTTGTGGGTCCGTAGGCCTGTAGGTAAATCCATGACGTCGATGAGGCCCATATAAATCAAGGATTATCGCACTGTTGAACGGTTAACGTGTAATGCTAGCTTTCCGATATCAAGGCCTAAATACCGCGATTTAGTACAGTGCCGAAATAGATAACAAGCTCCGGTGGTTTCAAAAAGTGGTGATCTCGATGTCAGCCGCA
FG1_4_P1	1357	CCCCTGGTAGAACATCTGCTATTCCTTGTTAAATCCGACTATTTAGGCCTAACGGGAATGATGGTCTCTACTCCCTTGTAGAGGGTAGGGTCCTTTTATAGGTGAGTACAGCATGATTTTGAGCGAATCAAATATATGATTACGAACCTACCAACCTTGAGGGCCCCAAAGAAGGTACTTATCCTTGCTATACAGGCAGTTCTCACGCATCAGTCTCACGGTGCTAAACACCAAGTGCCATCAGGAGTTATGGCCATGATATGCGGCGAGAAGAAAAAGAGTAAGTCCGCAGAGCGTAGAAACATAGGGGAAGGCAGCCAAAGACGTCCATTAAAGGGTGGCGAACCGCAGAGATGAGGGCGGCGACGCCGCCGCCACTAGACCGCAGGAAGAGGACGGCAACATCACGTGAGGGGTGAAGGGGATAAATGCCGGCAGGCTGGACAGGTCGCAAAGACGAGAGAAACGGGTCCGTGGTCCAAACCAAAACACATCCACGACCCAGGAGGGATAGGCTGTGCGAGGGGGGCTAGCTCCCAGGTCTTCAACCGTACGACGAAGACAGGAACTGGCGTTCTAACGCCGGGGAGAGGAAAACTCCCTGGAAAGGCCCCGAACGATTAACAGTAGTTCGACGTACAACAAGACCGTAAAGAGCAGATACGCAACAATGAAATAGGACAAAGGAAACGAAGAGAATTACGAAATAGAAAAACGGACGCAAAACTGAGGGATGAAAACCGACGGATACCTCTGACTGCCGCTCGGCGTACCGTTAGAATGAGGGAGAGAAAAAGAAAGACAGAAAGCGGAATGTCATGCTACGTCAAAGGAGGTACGGGGAAGCAAATCGAAGAGTGGACTCGGTTAGAACCTAGTACCCTCGCCCACGCATCCGAGTAGCGTGATCCCGCAGTGGATAGATCGGTAAGGCCAGCGTGAAGGGAGATCTCAGATGCGACGAAACGATAGCATGCTTAAACCTGTATGCAAGGCAATCAATCGGCCCCCACGCTGAGGCGGAACGTCACAAAAATCCCACAGAATCCCCGCACCCCCCCCTACGTCCCCCACCGCCCCCGAACGCACGCCCAGCCTCCTCAAGACCCCCTTCGTACTCGCTCCCTGGACGGACTTCCGGCACTGGTGATCCTAGTTCTGGACGCGGACGGAGGATAGGCAACAGACGAACTGTGGCGCCAGGGTAAGTGTACCGACGCAAAGCGCCCCCCCTTACTCACCGGGGCGCCTATTATCTAACCAACGTCGATCGGGGCAATGGCCGAGAGGCGGAACAGTGTGAGGGTCAGCCAGAACGGGAACCCGGGGTGCCCTCCCATCCTATGGGGAGGAGAGA
FG1_4_P2	1501	AGCCATCGCGCCCGCACGCTGCGGCGTGCTCGGCCCACACCAGCCACCCCGCGGTGCCAAACCGCAACCCGTTCGCCACAAACGAGCACGCGCCCGCACAACCAGAAGAGCAGTGCGTCGCCAACGGGCCCAAGAAAAACCAACCCGGCTCAAGCAAGACCGCGACATTTGGATGCCCCGAGTCTTTATGAAACGTTCTGGCAGCACATGCATAAATTATTTGCCGGCAGCAGGTAATACTTAGTATCGCCGCGAAGCTCAGGTGCGCACGCAGAATCTGCTGCGGCGAAGCTCACGGGACCCAGAAAAAGGAGCCGTTGAACGAGGGGATCACGATCCTACCCCCGGACTCGGTCTTCAGATCACCCGGTGTTCTGGACGGGGAACGCAAACACTGGCATGAGTTGCCTGAAGACCCGGACCTGCGCCTCAGTCTGGTGTACAGACTGAAACAAAAGAAATTGAGTAGCTTCATCTGCCATAAAAAACAGCATGCTGCGATGTTAAACGATGAAATGTTACAAGGTGAGAAAATGAAGAAGGTGACTCACGGATATTTACGAAAATTACCCCACAACTATAATCGTCGAATGAACGCGTGGGGCAACGGGGCCCCCGGCGAGGTGAACGAGATGAGCCGGGAGCCCAGTGGCCGCGCACAAGGAGGCTGGTAGACACTGTCCAGGGGATACGGCTACGCCGGGAGAAAGGGTCTTCACACGAGAGCGAAGACCCCAGGGAAGGGTGACCGAGCATGTGAAAAGGTAGGTGAAGACCGCAGGGGTGCACGGTATACCGTAGGGGGAAATAGAGCAAGAAAGGATTAAAATGGGGGAAAGGAACGCCCAAGAAGGGGGGCACGGAGAAAAATGGGAGGAGCAGAAGTGAAAGAGAAAGAGAAGATGGTGAATCCACACACGGGATCTAAAGCCGGTGTTGAGAAGAAAAACATACCCTATAGAGACGGATGTTTACCGCTTGTCCATAAAACGCTTTCATTACTAATGAACGGAGGAAGTGCTCATTAGTAATAGGAGAAGATCAAAAGTGGTACGTTCACGCCCAAACTACTCCCGAAAGAGTGAAATAGGACGTGGGATCAATGCCATATTCAGTGCAGCAGGAGACACAAATACACGACAGAATCGGACACCTCGCGAGATGACCGTTGGCCCTGAGTATTTCTACGTCTAACGAGGGTGAAGAACGTCGTGTGAGTATTGTCACAGTAAAGCAGCCACGAACCATCGACCCCATAAGATGGGGGAATATAGGGTATCACCCCATCAGCGTATCTAGTGGGATACACTAACTAAAACAGTTGGCCCCTCTCCAAAAGTACAACGCGGCTTAACCTAGGCTTGATGAGGCTACAACGAGGCAGTCAGCCGCAAGGAACTCTGTACGCGTATCAAAGAAGTGACTCACCTATCAGACCCTAGGGGACTGGAATAATCAATCGTCGAAACCACCACGAGCAGAGAGTGGTCATGAAGGTACG
FG1_5_P1	1558	GTGGCCTACGGGGAACCAGTAGGGACGGCCACGCGGGAAAAGGCGATCAGACCCACCTGGCCTAGAGACAGACCAGGCTATAACCAGGAACTCCGGTGGAGGCTCGGCGCAGCTTTGGTCCACGCGTATCTGAAAAGCTTACACGACCGGCTTTGAAACCACCGCAATCAAAAAGGGAGAATGTCAAACCCTCCGCAACAGGTGAAAAACTAGCAGAGTTTAAACATTGTGTCGAGACTAAAAACAGCCCAGAAAGCAAAAGGAACGACCCTCCAGCACGGAAAAACAACGAAGGAATAAACCCCAAGATTGGAAATTCAACTTCGCGAAAAAGTGCTCCACACCAGAAAATTCGGGCAAAGAAAGACCTACTCACAAGAGAAGGTCCTATAGTTACGGTGCTGGTTGTTAATGGAATTAATAGCCAGATAGAACACAGAGAGGAAATCGGTTAACAAATGCAACGTAAACCTAAAGTTGACTCCTACACATAGCGAAATGCCTGTAGGTGAAAGTAAAGGATGAAATATCCTAATCCATACATACAGCGAAAGCGTGATTGTTGAACGAAGAAGGGAAACAGGCCCCGGCTCTTTGAATCCAGGAGTAACCAGGCTTCAAGCATGGCAATCTTGACGTTCACTCAAGCATGTCTGGCCTTGTACCCCAAAAGGAATACACTCAAGGTGGGGAAATATTGAGAAGATAGACAATATCCATGAGGCTCAGCCAGGGATACACACTCCAACACGGCGGTGATCGAAGAGGTAGAAAAAAAAGGGTAATGGAATATCAACAGCGACGCTGCTCTTGGGATTCCCGCGATCGCGCGAGGCACCCCTAAAAGGATCAGTCGACATGTCTCCACGCTGAGCAGAAAGGTGAAAAAAAGAGCACAACGAAATGGATAGGAGGATTGTAAGGGGATCAGGAACTTATCACAGACTCATCGAAATAGTAGCAACCACCCAGATGTCTCCCACCCTACCAGGAGGGCTTCTCAAAAACTAATCAGTTGGAAATCCCGCCCTGCCAGTAAGGTCTTCGAGGTAGGGAATATGGTAAAGGGCGGTATTTCGAGTCCCCAATAGAAACGCGAGCCGAGGTTGGGGACGGTCTCCCTGACGACGCGAACTCATTCGCCCCGGCAGCTGGGATTCTTTTCTTCTGTACCAACGACAGCGCCCCCAGCCCGCACCTGCCCAACGTACAAAATGCGCCAGTGGTCTGGAGCCGCGATCCCGGAGCGGCGAAGAAACGCCTGAATGCGGCCGCGCGTACCCGCCGGGCGATGTCCGATACGATTAGTCTGATTTGATCGCGGAATGCAAACGTAACCGGAACTGTTGCAGTCCTTATATTCTGATCAATGAACCTGTACTAGTTGAGGCACGGATTGCCGCGATGTGTATTCAGAGGTAAGGGAGGGGACGTCACGATCAAAAACGAGGCGGTCAGTGGGCCTTTTGTTCACATATTCGAATGAATCCAATGCGAGTTGAGGAACGAACAATTTAATAATTCCTTTGTTGAGCCCTATATGTCCTCCCCCCTTCCT
FG1_5_P2	1947	CCATCGGCGGTGCCCTACGGGCGCATCCCTCGGCCGCTCCACGCCCGCCTGGACCGCGGACGGAGCTCCCGCAGACCGATACCCCGGCGAGGACCTTATCCATACCTCGTAACAATATGTGGCTCCAATCCCCGGTAATGTCGCTCAGATTGCAATGACGTCGATGCGGGTTGCCGAGCCCTCAATGGGTCGGTCATGAGCGGTTCCGGGGGGGATAGGTGAAACGGCGAACACGCTTAGTAAGATTGAGGCGTTTAAACGCGGGGCCGCCGATTACTCACGGACATGGGGGGTACGAGGACCTACGCGAAGGGCCTCCAGGAGCGATTTGACAAGGGAAGTGCCCAACGGTTGGCTCGTACCACGGACCAGGGAGTCCCGCTAGGTCGTTATCGCTTGCAAAGGAAAAATTAGTGAATGGATAAAAGGGCGGTGGTGACCATCCCAATCCAGGAACTAGTCCAGATAACAAGTGGATCCCAACAGTGAGAAACCAGGGTTTCCCGACCCCATTCTAATAACCAGCGGTGGGCTGCCGTGAGGTATCGCAAGCATATTCCCGTTCTTCAAGCCCGATTTAGAAAACCATATATGAAAGGTCAAAGTACGGAACCCCGCTGAAAGCAAAGAAGCGCATAACTTGCGCACTTTTGAGTTATGAATAAACTGTCGCTGTCAGGAGTAAACGATGTAAATGCAACCAAATTAGCACACAAAGAAGACACGGTCGAGATCCGCCTGTACAGGTGGGGGCGATTCGCCTCTTTGCACTTTGATAATTACCTCGGGAGGTCGGCCCACTCCAGGACCCACTTTCGCCTAAGTGCAAAAGGCGGTAGGCTGGTGAGTGACACCAATTGCGTAATAAGAGCGACTGGAGAGGCACGGAGATCAACGGTAAAGAATCATAAATTGAGGACGACGGGAACAAGAACAACGGAAGAATAGAATAATGGAGTACGAGGAAGTTCTAACTCAATCGTTCAAGACAGGAAGATGAGATTAACGGGTCTGCAGCAAACAATAAATGGCCACAAAATAGGTGCAAAACTCCGTTACGCGAACCGTCTACTTATCGTTATCCTGCGAGGTATTTTGGGCCGTAACATACCGTACTTTCAGCTTTCTAGAGTTACTACATTAAGAGATTAGGTGTCGTCCATGTCTTAGCCACAGTTCTACCAACGATCCCCCCCCCCCGGATCGCCCAAAACGCACTACTGGCGTGAACAATAAACGGATGCGCCTGCCTCGTACTGGCATTTAAATAGTCGACCTCAGTGCCGAAAAGAGCGTAGAGACAACACACACAAAGGAAGAAAATAGGAAGTTATAGAATACACCTAAAGAAAGGAGGCAGGAATAGAATGCAAAGGGTGCATAACCACCTAACCTTCATAGCTGTGAAATAGCATTGACCAGGCACGACCAGAACAATCTAAACCGGAAAAAGGTTAAGATCAACAGACGGACAACACGACAATTGGCACACGTGAGTATCACATCCAGGTCTCGACTGTCTCCCTGACAGCCTTCATAACGCAGCCCCAAAAAGCAAAAAGCGGATAATCAGTAATCGCGAGTGAACAAATCGCAAACCCCATGCGAGGGGGCAAGCTTAGAATATGAGACGAAGAGTAACCGAACATACGCACAAAAAAGTCTAACAAAATAAACGGTGGAACTATAGTGTATAAATCTGTTAAATACGCGCTTCTTTGAAGGGTATCGTGGTGTGGATAAGGCGCACAAAATAATGCTGTCGATTCGAGTTGGAAAATAGGTGTTATATCTGTATTTAGGTGATATCGCTTTAAATATTACCCGTTCCATGTTTTTAAATTGTCATCGTAGTCTAGAAGATATGTAATGGTTAAAACTGTACTTGATCGTTTTTATTTATTGCACTGCTAAGAACAGGATATTTGGTGACATTATATAGTATGT
FG1_6_P1	1489	CCGGCGCACGCCAGGGTCGCCCCGCGCCTCCGCCGCCGGGCGCACAAGCCGCGTCTCCCTCCCTGGGGGTGGCGGCCGCCCGCCGGCCCGGCGCGCCTAGGGCGCGGCGGTCCATGAACGGCTCGCTACCAGGCAGGCACTTAGGCAGCCTGATGTTGTAGCGTTAAGAATGGCCGAGCGGAAGCGGTTAACAGCCTCCAGCCGCGAACCAAACCCCAAGGGATGAGAACGGCCAATTACCCAAATGTACACAACACTCCCACCCCCGTGCTCCCACCACCGGCCCTCTAGGACCGGGCGACAACGAGTTAGCACCGTTGTCTCCGCCCCACGGCTTTGCCCAGCACACCTCGCGCCTCTACACTGACCGACTAGGCCTGACCACCTGTCAGCCTGCTCCTAAGACCGCACGAATAGCCCGTAGTTTCCCCGCCGCGTCAGGACGAGCCGGCCACTGGGGGCATAATCATCAGGCCGTAGACGAGCTTTCGTGGCCCCTCGGCCGGTCCGGGTGCAACGGCCCCGGTCCCTGGCCGACTGGACAACCAATCCCCTGGTGTGATCGGCACCGAACTTGCGCCAGCCACGTGCCCTCAAGAGCACGGGACTGCCCTGCACCGACCCGCATCCCTCACCCCGTAGACGCCGCACTCCAACCTGTAGCGGGAAAAATTGGCAGAGTACTGTGCCTAATGAATGCTAGGTGAGGCAAGAGAGGGTTCGGAGCTAAAACGTTCGGGGCTACGCTGACCTACCGTATGTTCCCACCGTCTGAACGTGTTTGCGTTTAGATACCAGTACGAAAGTTTGGATCAATTGGGAGAATTTAGTGGTGTAGTTAAGTGAGCATTTTCTATAGACCGACTTGATCCCTTAGAAAATATGGTAAGACTATGGGGGATCAGTGATATCTACGTAGCAGAGTTCTAGTATGAGACGCCGAGCAAGGGCGAGCTCTGGGTCTTGGCAAAGCTGATTCACGATAAAGCGATAGACGAAGTAATCGTATCAACGATGCTACATTACACTACTTCACGATCGCCGGTCAACATGTAGAAAGGGTCGGTATTGACAGTCGTCGTCTACGGTTATAGAAGTTTCCATTTATTATATGGGACTATATATATGTAAGATTCTAGCAGCGAGTAGATTTAACTTAAAGTTCATGTTAAAAACCAGGTAAGTAATCGTCTTAATTTACTATATTTCATATTAGGTAATTCAATACTTCCGTAAAGCTATTCTTGTGTAACTTCAAACAAGAAACTATGCAAATACACGTAAACATAGAAGGAGCCGATCATCTGTTTATTCCAAAGCTGTGGTTCTGCTAAGTAGAAATAGCTTCCACACTAGTCCTTCTGCCGATTACCCCTACCGGCGTAGATGGATTTATTTAATCTTTACGATATCGTTTGAAAGTTTTTCTTTTAGTAAAGATTAGGTAAATTAAGCGAATGATAGTAATATTCATATATAAGTAGTTACA
FG1_6_P2	2145	ACGGTCTGCTGCCGCCCCCGGGCTAGGCCCGGGGAGGGAGTGCGGGTGGGAACCCTCCTTGGCGGGGAGGGGCGCGTAGCCCAGGTGCTCAGACCTGGCCGTCACTATCGTGCTCCATGGTCCCAGCGCCTTAGTAACGCGTAGGGACATATGCAGGCTCTTCCGGGCAGCGCCCTGCGTCCGCGCCGTCCCCCCTGGGTCCAGCCGCGGCCCCGCCCACCCCCGCCCAGTGACGTCCGCACGCACCGGGCGAGCAAGGCCAGCAGCGGCCCGCGGCACCCCCAGTGGCGAGCCTGACCCGCTGCCTGGGGGAAGGCTGAACGTGGGCCGGCCCTCGGCCGGGTCGACAGCTCCTCGCACTTAGGGCTGGAAACTGTGTCGCAAGCTGTTCCCTGCACTGACTGGCCGCGGTGGGGTTCTCGCCCGGGGCGTTTGCCGTCAAGGTGTTCCCGGGTGGGGGGAGGCGCCACCGGAGTACTGGGGGGTCTCGTGTGCGCCGGCAACACCCCCTCGACCCCGCGTTTGGTTCGTGCCCGCCCTGGTCTGGCGGAGACGGAGGTCCTCTCGCCGGGGGGGAGGGACGCCCGCCCAGAGAGCTGCTGTGTAGGGAGGTACCGGAATTGGCGAGTAACTTGCTGAAGCGTCCGCCGGTATCCGTCGCTAGTGTGTAAAATATGTTGACATCCCGCAGTATGCGATATCAACTAAGTCGCATCGAGTTGCCCCTTAGGCCGCACCTTACTTTTAAGAAAAGTACGATGTGATTCTTCCACTCATCTGCAACGCCACAGCGTCCTACATCACGATGGGAAGGTTTTTCATTAGCGTTTTAGTGGGATATAGGCTAACATCGCAACGATGATTAAGGAGAAAGAGCAGCAACGCCCAGGCAAAGAAAAAGGGACGACAAAACCACTCAAGCACCGAGCGGAACAGCCTAATCGCGGACTGGCGCGTATCGTAACTCCGGCCTAACATATTCGAAGCATGAGCAGGCACCCCCGCAGCTTCGACCGTTATCGTGATACTGTGAGCCCTCTGGCACAGGTACCAGCAGAAGCAGGGTGGAAAGAGCGAAGAAGAAGCTACCGCGAGAAGAAGATGAAAATAAGACCGTCAGGCTTTGCAGCGCAGGCGCCCCGGCCCTAGACACTTCGCCATAGGGATCCGAACGCTGAAACAAAGGACCGAGCACTCCACCCACGCCGACTCCCACAATCACACGTAGATGTCCGCAATGACCCACGCGTCCTCCAGTCGTCCGCTAGTGCAGCCCCTCGGAGTTCCCGCACTCCGTTCGGACCCGCGCGGGCTACTGGGCCGTCCCCGCGGCGGCTCCGTGCGATAATCCTCCCAGGCCCGTTCCCCGCCGCACGCTGCTCCCCCTCGCATCCACCCCGCGCCTCAAGTCGAAATCCGCTCCCGGACTGACGCCCCCGCCCCCCCTGGTTCCACGTATTATCACGCACGACTCCCCCTCCCCGCCCCACTCTAACGGCCCTCGCCGCCTGATCGTCAGGCGGGATGCACGCGACGCCCCCACACGTTCCGACCCTAGGCTGATACCCGTCTTCATCGCTATCGTCGCCGCCCGAGATAGCCCAACCCACCTCCCTCCGCGCCAGATGGGCCCAGGAGAGAATAGGGTGCACCGATCGCGGGCCCGAATCAGCGTTCCAGGTCAAGAGCACTCCGCCCTACGGGCACTACCCCATTCCTTCCCACCCCCTCGTTACTAGTCCGACGCAGACGTTCACTGGCGCCCAGAGGTAGGGGAGCCAATAAACGGAAGAACGTGGCCGAGGGACGTGCCAGCTACGGGCATGAGCGCAAGGACCCTCGGGCAGGGCTCTCACGCTCCCCAACCTTCTCTCCGTAAAGTCCGCCAAGCGCTGGCCAAAGAACTACCCAGCACAGCCACCCCCCCATGCGTAAGCCCCCGAGTTAACGGTGGAGTCGCTTCCCTCGTCCCGCCGCCGTTACCCTGTATGATTCACCCCGTGGCCTAGTGCAACGTACCACGCGGCCCGCCCTCGCCGCCCCGAAGCCCCGGGCGGCCGGTCGTCAGCATGAGTGCCCATAGACCGCCACGCGCGTAAACACCGGCCGAGCCGCCGCTGGCTTTTGCGTGTCGACGAACAATTG
FG1_7_P1	1173	CCTGCAACGCCCCTCTATCACGCGAGTGAGGGACAAGGAACGTCAATGTGGGGAGAAGTAGGTGACGCTGTACCCATTGCTCGGTACCCCAATCCGGAGCCTCTAGTATTCCTCAGTGTGGGTTCTAACCAATATGGAAGTTGTTACAGGTTGTATGAAATTATTCGCCGGACGTCAGCACGCGGTACAGACCTGAGCATGGTCCGGCAACGGCGCACACACACCCGCCTAGAATCGACAGCCATCTATGTCGCTGGTAACTCCTTTTTTGTGATGTGACCGCGGATTAATTGTCCGCGTATTTTACGCTTTTGATCGTGGGTACGGGTATAGTGCAGTGAGAGCATGCGAACGGATCATGTCAATATACAGGATAGCCAATTGGAAGGGGTCGATCTGCGAACGATGACATAGGAGAAACAATCTGAGACTGCCATATTAAACGGCAATGCCCCGGATTCTAATTGTACGTGTTATCTTTTCCTATCTGGGTCCAGTACCCGCGCATCGATAGTCAGAATGAAAATTACGGTTCCACATCCGGTCTGTCACTTTGTCCTAGTGGAATGGCGAATCTTGTTGCGACCTGCCACAGTAGCCTCCATGGCGACCCCCCGTTCACTGTGAATGGTCGAGACCTACTCATCCTTTACATCGAACAACCTCTGCGGTATGATGATACCTGCCACATTATTTGTGAAAGTCAGTTTGCACGTAGGCCTGAGAAGACGTATTAGGACGGCCTACACAAGCAATTCATATTGAGCAAGGAAAGGAGTGGAAGACCTGAGGAGAAAGAAAGTCAAAGAAAAACAAGGAAAAATAAATTTGATTGTATTCAGAGTAATGCCCTGCCAAGGTCCATATCGATCCAAAGGCGCTACAATAGAAAAAGAAACGCAAGTCACTTCACATTTATATCTTGCGATCACGCGGTTTTAATCTTAATCAGAGCTTACGAGCTTCTTTCCCTCTATCTTTTGTAGTATTCTAAATATCATTTAGTATCGAATGTCTCTGTTACGTCTTTAACGTTTTTGTACAATCCAAACGACATTCGCTACGGGCTTGGCGGTCGGCGCATAGCTATAGCAGCGTGTTAGGCGCGGTTAGCTCGACCTGCAGGGACGCTTGACAAGGACTCGGGAGGGAAGAGGACCATTCCTAAATCTA
FG1_7_P2	1201	AGGGGCGGGGGATGGGCGTCAAGTGTTGGCCCCGCAGGGGGTTGCCCCCACGGGGGGGCCCCCACGAACAGAGGGGTGACGGGGCCGGAACTCCGGCCGCCACTAAGGCGCGGGCCTCCGGCCAGTGGAATCTTGGTTAACTATTGTACTTGCCGCGGTGAGAGGGTCTGAGAGGGATTCGATGCTAGGATAAAAATGATCAAAATGAAGTGACTGAAATGTACCTCTGTGCGGATGGGATCCTAAGCCAGTCGGTTAAGCTTAGACCATTGGTGCTAATTCTAAATGGATGAATTAAAATAACGAGAAAACTGTAGAGTTCATGCCACCCCCTGGTCATGCAAAATGTGGTGTACACTTCCGAGTGCAGGGGCGATTCCTCAACCAACGTAGCTTTGGAGTCCTCATGTGCCGCTGTGGAGACACGGGATTCTCAGTTCGCTTTGGCTCCGTCCAAGATTTGCGTGGCTGTGTCACAGTTCGATTGACAGATGTCGGACGTCAACGGAAGTTGTAAAGAAACAATCAAATTGTAAGTCTGCGCACCTTAAATGTAATGGTCGAACACCGAGTTGGAGACGTTACCCGCCCTAGGCAGTGGATTGGACAAGTTGAGTTAGCTTGACCCCCCTGGGGAGAACCAATGATCACCGGAACTTGTGTTCAAGCCGACACTGCCGCTCCCCGGAGGAGCTCTCCCGGTACTCTGCTGGGACACGAAATGCAGACCTGGTCCTCTCTGACCGGATGAGCGCCGAGCCAAGAAAATGGCAGTGCATACGTTCCAGAGTGATTCCGGTCCTCGACACAACTCCATGTCGCGGTGTGGTCCAGCAGTCGACAGTGTGCGTGGGCGGGGCCGAGCCCTCGGCGCACGGCCGTCGCCACTGCAGGGATGACGCCTTTCTACCCTTGGCGTAGCAGGCGTGCTGGCGCATCGCAGGCCCTTCCTGGCTAGCCCGAACCAGGAACCAGCCGCGGTTGGGTCCCATATTCCCATGCGGGTCGTTTGGGCGTGGTCGGTTCCGGCTTGTGCGTTGGCGTGGGGGGAGGGGAACGTAGGGCACCGTCCCGTCCGCTTGGCTAGTTTTCGATTCTTGCTCTCTAGGTTGCCCCCTACGGCCCTCCTTCCTCCCCCCCGACTCTACGGAGCCGGAAGCCCCCACCTGTCCCCTGGAGAATGACTCTCGCGCCCCCCGCC
FG1_8_P1	1192	CCGGACTGCCTTGTGCTGGACTACAGCGGGAACCGCGCGCAAAGGCGCGGCCTGGGGCCTGAGGGCCTACTCGGACGCATGTGGCTGCCACTCCGTCCGCGTCCGTTCCCGGGCTCTCGGAACCGGTCTCAACCGGGGAGGCACGACCACCCCTGAGCCGCCGCCAGAAAGCGGTGCAAAAGGATGAAAGAGGAGACCGGGTTTGTGGAGGAGGGTCCGGACCATCGAGTCCAACCAGGTACCATCTAGCCGGCGCCAGCGCTTTCGCCCAGCTTGTATGTTAAGGAGTAGACTTTCCATGCTTGGGATTCGTCTCGAGTCGACGGAACTGGTTCCTAGGGCAGGGAGCCTCCTGGAGTCACCAACCTGCCGCGGACCTAGAGCGGTCTAGTAGGGGGAGAGGTTCATCTCCGAGTTGACGCCCTCCCACGCCCATGACACCATTCCGAGACTCGGACCGCGGCTACGAATTGGGGCGAGCGTCGGAGACCGGAACCCGTCCTTCTCGGGATAACCGGGGGCTCGCGGCCGACCTTAGACGCGACACGGCACCCCGCCCGCGGTCGCGGCAAGAAGCCCCCCCCGGGAAGGACATGCGTTCAGTTAGCGTACCGCGGTCGGTGCGCGTCGAGTCGGCGACACTTCTCAACAAGACCCCGGAGCGTGTGGCGGGTCCCTTACCCGCGCTGGGGCAGCCGCTGCCCTCCTCCCAAGCGATACCCGACAGCGGGGAGAGGGACCACGGCGCGAGGGGCGCTGGACGGGGACCTCATTGGGCACAAGCGCCGGCATAGAAGTACATTAAGCTCAGTGAAATCAAGGCTGCGACTATGTGTCGGGTTCTTCCTCTTAACTCGTTTACCTTGGATCGTTTTCACAAAGTAACAGAAGGAAAAGAAATACTGAGAGTTAGACATAGCAGACATTAACCCGTTGGTAGGGACCCAAACCCGGAGACGCTATATAACCCGTGGACAACCTCTAATATCGGCTGTCTCGCGCTCTCTGCAGCTATCAGAAACCGATTTAGGTAACTCTATCACGCTGCCCAAAAAATGAATAGACGACGATTAACTCTGGAGAGGACCCCACCCCCTTCCATTCTCGCCAGTTCTGTAAGACGCTTGGTTGAAGCTTGAATAGTCCGCACTCGAAGCCAGCTGAATTTGGGGGTATTGGTAAACAAGTCATG
FG1_8_P2	1723	TCCTGCCTGTCGGTGTTGCGCAGACTCTCGTTAGCGGGGTGTGCTGGGTAAGGTAACATCTTTATAACCGTGGCAATTAGTCTATCAGGAAACAATGACGAACAGAGGAATCACTCACTGTATACCTCGATAGCAGAACGGCCTTCCGAAGTGACCGGCTGACGTCCAGGGTTAGCAGATATCTCATTCAACAGGAAATGACGGGTGGTAGCTGAAATTTTGACTATAATTTTCTGATAGCTAAACCTATTATACAAAGATACGTATGGTAGGCACATTTCCGTACTTAAAAATGTAGGAGTACTAGCTGTTATGCATAAAAAATTTAGACCGAGTAATCCTATTCAGGATCAGCGTAAGAACTTGACCAGTGACTTCGGAATGATTGAAAATACCAAATTGGGTAATTTCGTGTTCGAACAATGTTAGCGTTGGGCAACAATAATGTGTTAGGTTGGCTGTAATATAAAGTCTAAGGTAGAGGTGTAACAAAAGATTACCAGGTCTGCAACGTGATATAATGCTTTCACCGACAAGAATTACAAGTTACAAGGGCACGCTCTTATATCGATCTCGGGGCTGGAGCCACCATAGCCACGCGAGGACGAAGGGAGCACTAGCAGTCCTTCTCTACTCCGTAGAGCCTTCCCCATGCGGACGAATGAGGACGTGAGATCGGGCGCTCTCCTGCACCCTGCACAGTAGCTTGAGTAGCGCTTACGCAATGTCGCATCACTAGACCTGCAATGACTTCAATGACGGACGTACCCTTGAGTGGGCTCGCCGAAAGTACATTGGAATTTCCGATCTGTATGGCCTTGTTAACGTCTGCCTGGTACTTTTCGCTCCCACCCGTGAGGCAAAAACAGGATCATTGTGACCCCGGATAGCGAGGCTAAGGCCGATAATAGACCTCCGGGCGTCAGGCGCCCAGCAGTGCAGTGCGCGGAGCAGTAAGGTAGTAGGGCGAGGTAGGACCGGGCTGCCCGTATGACCCTGCCCCCGAACGAGAATCTGAGGGGACAAGTCGTCGGCGCTTTACCGGACGAGCATCTCCTGGCCCCAATGGACGCCATAGTGCCAGCCCGGCCAGGGCTGGGTGCGGCGCGACCCGGGGCCGCAAGAGGAGATGGGAGATTGGCCCCGCTGAGCCTACAGACGCTTCTCCTATGTATCCCGCAACCAGAAAGGGATGGGGTTCCGTCCGTGGACAACAACCCTATCAATCATCTCGCCCGAGAAAGGGACGACTTGTTTCTGTTCGGCCGATTGTGGTCGGCTCCCCTGGTAGCGGTGCAGGCTTGAGTCCGCGGTTCATGCGCCACTTGCCTTCTAGTGCCTGCCCTCAGGTTCGACGCCTGTCGTCCCGTCCCCGATCGTCGTGTTCCCCCTCTTACCCCCGGTCCCCCTGCAAAACGCACGGCTAATGTCAAGCCACGGCTGCTCTGTGCTGGGTCGCCACCAGTCTCCGATCTCACTTCCTATACAATACGACCAACATCCTCACCGCCCCTCAGCCGTCAATTTTCCTGGCTAACCGCCGTTGTCTTCTCTGGGCCCTATAGTTGCGCTGGCGGGGCTGATATTCGTTTGTAACATACTGGTCTACGCCGGGCCGCGGTAACAGCAAAAAGGACACGTACCACTTATACGGTGGCTTTTCTCCCCCGCGTGCTGCTCCAGAGGTGCAGTTTAATTCCCTCTGAATTATAGTAGTGAGTAA
FG1_9_P1	3069	AAGGGGGAAGGGGGACTGGCGCGCGGCAAACCGGGGCGGCGACGAGGCCATTGACGCTCATTTCCTTCCTTTTGCCTCGGCGCCCCACCCAACCCATACACCCCCCCTCAGCGACCGCGGCTTCCGTTCTTGCAAAGGCCTATTCCAGGAGGTACCCATACCACAGCCAGTCCAGCACAACGAAACGGAGAGACCAAAGGGATGAGGAAAAGTGAGATAAATTCAGTCGACGGTTATTGAAAGAGAAAATCGAACGACAGATCCACATGATGGCTAACACTTATCCAACTCAGAAAGTGAGTGTAAAGAGGGCAACGGCGAAGGGTTAGAATGAACAACATGCCAGAAAGATTAAGAATGCGTAGAACTTGAATCGAGCGTATCTAAAGTAGAATACTTCGAAACTAGCGACTTAGGTGTTTGAGTACGCGAGTCTACAATAGAAGCAGCATGCGTTCCTGTTGGTAAGGGAGCTGGATGCTGATTCTGATGACTTTCGACTCCCCGGGTCGAGTTGTTTAAGGGAACTCGAGTACCCAGATAAGGCCAGAATGTTTAACTCTGAAGCTCTCGTCTGCTAAATAGCAATTGCGTCGCACAGTTTCGCAAATAACATATAAATCGACGGCTGGATCTCGTAGCACCAAGGTGCGATATCATCAATGCTAACCTTAATTAGCTAAGAAAGAAGTGCAACAATCTCAGAGCTTTCTTTTTAGACACCCGAACCCGAACGTTTGTTTACCCTCAGCCTCGTGCCAGGCCTGCTCATCAATACTCCTAGATTCAGACAGGAATACAACGGTGGACCGAATATCGGTTAGGCTTGTCTGATTGTTTCTTTAGACCACTAATGGTAAGAGTCCAAAAATATAAAAATAATTTCCTGTTCGGAGTGAAAAGTAAATAGAGAAAGCTATGGAATGAAGAATTGAGTGAAACAGTCGAAACTGAGAAGGAACGGGATGAAGAAGAGTGAGCAATGATGAAGCAACTGGGGACAACGATACGTCGCGCGTGCAAAGTTCCCTCGCGCCGCTTGCTCCACGGACCCAGGGACAGATGCTTGCGTTTCCTGATGGCATAGACTCTACCTTATCGTCCGGCATCGCGCGTGGGGCCCACTATAGTCAGACCGCCGGGCTGCGCGCCCGCTATTCAGGACGACGGCCCGTGAAACTGCGAAGGCCTGGGACTGTTCTCTCCCTGCAATGTCCGCGCCGTGACAAAGAGATCACATCACGCTCAGCACGGCGTCTCTCGTAAGACGCCGGGCATAACCCCGGGAGTGCCCTGGCCAGCTGTGGAGGGTAGGGACCTTGAGGAGGACCCTCTTCGATGGTAAGGCCTGACCAGGGCGGGAGCCCGCAACCGGGGACCCCTGGGCCTCGCGGAGAGCGTGAGGGCCAGCAAGCCAGGGGGCCGCTCCCGTACCCGCATTCAGATAGGCGCCGCTCGTAGCCCTAGGCGAGAGGCCGGGGAACAGAAGCCATGGATGAACGTAGCAGGAGCCCCCGAGCGGGCTCATCCCGGGAGTGGAGTGCACAGGAATGTCCCGAACGCTGCGCGGGGGGAACTAAAGTGCATGTGCCGAACTAACCTCGATAGGGCACCCCATCCGTCGTCACGAAATACTCCCCGTCGTTAGGTCTCGGCTGTTCGCCCCCCCGGGCGGCGCCTTTATCCGTCCCCGAACACACGACCATCGAATGCACAGTTCGACCTGCGCGTTAGGCTTCGTCGAATCAACAGAGGATCCCTGGTCGGCCATGCGTACTATAGACGAGCGGAGCTTCTTCGGGACGAAGTCCGTCGCCAACGATGGACGCGCACCCGTGACGGGGGTACCTCCCAGACCAATGAAGCCCCGAGACACGCGGGCAGCCGAATCGCGGGCTCCTTAAAGGCCACGAGCCCTCCCGGCGGTCCCACACGGACCCAAGAGGCCGCCGCCCCGCCTCAACCTAGAGCCACAACCGCCGACCAGATAGACCGCAGGGTCCGGGGGTGGACATCTGAAAAAGGCGAGCCGGCGGCGCAGAGGAATCCCCTGGCGCTGCGTCTGGCGCATGCCCGGCGGGTCCCTGCTGTCCCGAGCGAGCGTTAGCAATTGAGCACTAGGGCCACACAGCAGGCGACAGCACATCGGTAGGGCTCTGGCCCTCGCATTGTGCACACCGTGAGATCACAGTACGCCCGCAATCCCGCTGCTTGGTTATTTCGGCAGGTCCCCTCGAAACATCCACTCGAGCAACCCCAAGTGAGGGACGACCTCCCACTGGAGGCGTCCGCCGGACCGGACGCGCAAGCCGAACCGGGTGGGCCGTGGGCTCCCATTTCCCTTCACGCCACAGCCCAGCCATGAACCACCGCCCGTTACGCAGAGGGGAGACAGAAACAGCCGTCAGCTCCGCACGCTATAGGACTTTCGGGTGGGTGGGACACCGGAGCGGCTGCGAGCGGACTACGAGCGGTTCAGACCCTCCGCACCACGTGCTAGAGGCGGGCCTAGGGCTCTGGTGGGCGCAGACAGAATCTTCAGAACGGGGACCCGCTGGGGACGCCGCATCCCTGTCGCCGGGCGCCTGTGACGGTGGCAGTGTGTGCGGTTCGGGCGGGGCAGCGATACGTTCGCCCTCTCACGTACTGTGACGGCGAGGCGCCACCCTTTGCGACACCCGCGTATCAGGCTAACCTATCGTGCCGGTCCCTAGCCCCCGGCGAACCACGAATCATGGGGCCGGCATCGGTATTCGACCACCACGGTCGCCAGGGAGACGCGTAAGAACCGCGCCTGGTGGCGGTTGCGGCGTCCCTGTCGGGTTGGTCGTCCGCTCCCCGGTGTCGTTGGGCCAGGGACAGCGCTCGCGAAACACCGCGATCCGGGCTGCACAGACTGGGCGGGAATTGGCGGAGCGACCAGGCCCAGCCGCTGCACCCCCCCTGTGGCCTGGGCTAGCCTGGGCCGCTGGGTCACACAAGGCACCATCCCCCCCGCAACTGGGCTGCCAGTCATAGGTGACCATACTCGCTCGCCGATACGATCCTGAGCATGGTGGTACCCCGGGG
FG1_9_P2	3145	GTCGCGGTACGAATGCGCGAACCCAGAAGAACAAGGCGTGGGACCGGGGGTGGATCACGGGGTGCAATCCCCCGGCTCGGCTCGAGGCTGTTCCCGACCGGTGACAACAGCGGGAGGCCGGCGGATGGTGGAGGGAGTTTTCCCGAGCTGGCCAAGTCTCCCCCTTCTGGTGAGGGCGGACAAGGAGGCGCATGACGTCATAGGCCCTCTTGGTGCTATGAGTGGAGAATGCAATCATGCGTAGGCACGCGGAGCGCACCACTCATTTTTCGGCCCAACCAGGGCTCATGAAGTTGTACTTTTGTGATCGGGGTACGCCAAGCCGGCTATCACCCAGCGCTTACTTCCTCACGCGTCCGCCCTCTGCAAGGTAGACTAGATAGTTATGTGAGCAAAGCGTAGCTTGCTCTCCTAGACCCGCTCAAACCGACGGTACTATAAACGCACGTCTATCGTCAAACGGAAGGTCGGCATAGAAACGTGGCATATGGGGAAGCTACTACCAACCAGGGGGTCGAGGCGCGTGCGTTCGGAACCTTCGCCGAACACCTTGCTCCCAGGCGGCACTCCTGGCCCATAAGAGGGCAGCAGGGATGGCACGCTAGAGGCTGGGGTCTATGCTCTCAGCCGTTCGGAGGTACGGTCCTAGCCCCCTTGAAGTATACCTCCGGGGCGTGCCAACCAGTACCAACGTCATGACCCTTAATTCCGTCGGAATCGACACGCACATTGCCCTAAACCAACTACGTCTATCCACGCAGGCGCTACCCTTGTGTGAGTTCGGCGCGGGAGCAGCCCGCTATTCGTCCGGGAAATAGTAGAAGACAGGCAAGTCACTCCTAAACGGGAATGCGAAACCGCTCATATATGGTGACATTCTTAGGTGGCTTGCTCCAATAGCGCAAAAGTACCGTGAAGGAAGACCAGCAACTGATGTCACATGCCCTCGGCAGACCGGACTGAGAGGCTGCATAAGGAAGGACAAGCCGCGCTTGTACCTCATGGCTCCTCGGAGGGAACGTGACACCCCAAATTCTATGCTAAATCACCGAACGTCGTTACCGGTTTAAGATGCGATCATAACCCCAACAGAGGGGGAACATCGGGCTAGTACTAGTGTGAACCTTCAGGTACCAGACGGACTAGAGAAATGTAGGGTGACCAGTCCCTCCTCTTAACATCGCACAGTGTCGTTGGACGGTCACGTAGGAAGGCTGCGTGTAACCGAAGCGAGAGCCAAACGCCAGCGCTTGCCGCGAGGGTACCCCGGAAACGGCAGGCTCCGCCCGACCCTAAAACGGTGGTGACCGAGGAGGAAAATGGCTAACTAGCGGTCGTGCCAACGTGTTGCGGCTGCGGCTTTAGATCTACGGGCGCCAAGCGCTTGACGGGAGGATCAACGGCACGACGGTCTTTTGCCCTCAAGTTTTAGGGGTACAGTAAGCCCGCTCTAAACACTGTTGTGCGGACACCCGACCAGCACGGGATACCGTTACCCAGGCTGGCCAACACGGTCGAACTGCAGATTGCTGCGGTAAAGGTCGGCGCCGGCAACTTACTGAAGCTCTTGCCGCGGTTTATAAGGTCTCCTCCTGGCAGGCCGAGCGCCATGGCGCTACGAGGAGGTCCGGCATCATGATGCCCTATCTAGTTCGACGTAGCACCAGACGGGACGGGGCGTTCCACGCAGTTTTGACGACCGCTCGGGCAGAAAACACGGCGATGGCGGGAGTACGGTGCTGATCACTCACCGTGCCCGCGGTAATGTCACGGCGAGCCGCTGCCGGAATGCCCCTCCTAACGCCCTCTTGCGGCCGTCCGCGGCATCCGTCCTCTGTGGGTAATTGACACCGTTGGCCAACTCCTCTCCTTGTCGGCACCAACCAGGACATCAACACTTGGGTTTGCGCAGATGGGCGCAACCCCGTGCCGCAGCCAAGGCGCCTGTGGTTTACGGATGAACCCACGGCTCGATGTGTTACTTGCCTGGACCGTGGTAGCGGTGCCTGAGCGGTCGGCTCCTGCGACAACCTATTGTCGCCATTCCTTGGTCCCTCGACTCCACAACTTGTGTTGCGGAGGCGTGGCGCTAGATTAGGTGACATGGCCCCAGCGCGATTGAGGACGGCGGCGTCGTACTGGGGTAGAGTGACGCAAAGCCCCGGGATCTATCCTAAGCTACTATACCTTCGAAGCGCCGCCATCGCCGGCGTGTGTCCGTGCGCTTGGGCCCCTCCCGAAATGGCGGGCGCGCCGATACTGGGTACCGTGGGCCAATTCAATCGGACGTGGGGCGCGGCTCATGGTCTCCACCTAGGCCCGAGCCATGCCGCCACCCGGAGCTGAGTCCTTCTGTCTATCAGTACGGGGAGGAAGTGACTGGACGAGCCGGTGGGGGGGGTTTGCTTCGGAGCCCTTGAGCGGGACGCCGGTACAGGGCCCAGAGAACGCCGTACCGTTGGGACGGGGCTCGTTAAGCGCCCACACCAGCCTTGGTGTTACAGGCCTTGACCCAGGAATGGTTTAGTACATCTGCCCCCTCGTGAAGCCGGGACGTCACAGGAGAAGATGTTCGTGCATAAGAAGGAATATTACAATATAATGGTAGGCGGGCTAGAAGTAATAACAAATTGTGGCTAAACCTCGGGCTAACCGGAACTTCCTACGTAAAAGGAAAAGTGAACAAGGAAAAATTAATGCAAATAAATTACGGACTTGGCGCAGTAAAAAAACAGGATATCAATCCAAAGAAATCGAACCTGTCGATCGACCAGAGGGATTTGTGCCATAAGAAATAGTAGCGAGAAAAAGTACAACGGAGAAAGAGAAAGGCAAACTACCGCAGTGACCGCGAAGCAGACTAAGGCGGGGATTAACTAGCTCTGAAGATCACCATGGGCTATAGCCTCAGAAATCGGGAAACGGGGAAGAAAAGAAGAATTAGCAAGACTACCCCCAGACCAGACCGGTAATTCGGCTTCGTGGCTTTGACCGCGACATCGGTACAGGAAGGCCAGGGGGGGTGATGGGTGGGGGGGAGCGTGCACGAGCGGAAGGAAATATCTTATTAGCCACTAACGGTTGGTTATTGCTATGCCCCTTTCCGAGAAATGTTCGCGAAGTTGAGTAGCTTAGCTGGTCCAGT
